#-----------------------------------------------------------
# Vivado v2025.2 (64-bit)
# SW Build 6299465 on Fri Nov 14 19:35:11 GMT 2025
# IP Build 6300035 on Fri Nov 14 10:48:45 MST 2025
# SharedData Build 6298862 on Thu Nov 13 04:50:51 MST 2025
# Start of session at: Thu Apr  2 21:46:09 2026
# Process ID         : 26036
# Current directory  : C:/Users/minja/OneDrive/Documents/GitHub/5-Stage-Pipeline-RISC-V
# Command line       : vivado.exe -mode batch -source c:\Users\minja\OneDrive\Documents\GitHub\5-Stage-Pipeline-RISC-V\vivado\run_build.tcl
# Log file           : C:/Users/minja/OneDrive/Documents/GitHub/5-Stage-Pipeline-RISC-V/vivado.log
# Journal file       : C:/Users/minja/OneDrive/Documents/GitHub/5-Stage-Pipeline-RISC-V\vivado.jou
# Running On         : Mintopus
# Platform           : Windows Server 2016 or Windows 10
# Operating System   : 26200
# Processor Detail   : AMD Ryzen 9 6900HS with Radeon Graphics        
# CPU Frequency      : 3294 MHz
# CPU Physical cores : 8
# CPU Logical cores  : 16
# Host memory        : 38365 MB
# Swap memory        : 2415 MB
# Total Virtual      : 40781 MB
# Available Virtual  : 6628 MB
#-----------------------------------------------------------
source {c:\Users\minja\OneDrive\Documents\GitHub\5-Stage-Pipeline-RISC-V\vivado\run_build.tcl}
# set script_dir [file dirname [file normalize [info script]]]
# set xpr [file join $script_dir project basys3_riscv.xpr]
# if {![file exists $xpr]} {
#   puts "ERROR: Missing $xpr — run create_project.tcl first."
#   exit 1
# }
# open_project $xpr
INFO: [filemgmt 56-3] Default IP Output Path : Could not find the directory 'C:/Users/minja/OneDrive/Documents/GitHub/5-Stage-Pipeline-RISC-V/vivado/project/basys3_riscv.gen/sources_1'.
Scanning sources...
Finished scanning sources
WARNING: [Board 49-26] cannot add Board Part xilinx.com:emb-plus-vpr-4616:part0:1.0 available at C:/AMDDesignTools/2025.2/data/xhub/boards\XilinxBoardStore\boards\Xilinx\emb-plus-vpr-4616\1.0\board.xml as part xcve2302-sfva784-2mp-e-s specified in board_part file is either invalid or not available
WARNING: [Board 49-26] cannot add Board Part xilinx.com:emb-plus-vpr-4616:part0:1.1 available at C:/AMDDesignTools/2025.2/data/xhub/boards\XilinxBoardStore\boards\Xilinx\emb-plus-vpr-4616\1.1\board.xml as part xcve2302-sfva784-2mp-e-s specified in board_part file is either invalid or not available
WARNING: [Board 49-26] cannot add Board Part xilinx.com:k24c:part0:1.0 available at C:/AMDDesignTools/2025.2/data/xhub/boards\XilinxBoardStore\boards\Xilinx\k24c\1.0\board.xml as part xck24-ubva530-2lv-c specified in board_part file is either invalid or not available
WARNING: [Board 49-26] cannot add Board Part xilinx.com:k24c:part0:1.1 available at C:/AMDDesignTools/2025.2/data/xhub/boards\XilinxBoardStore\boards\Xilinx\k24c\1.1\board.xml as part xck24-ubva530-2lv-c specified in board_part file is either invalid or not available
WARNING: [Board 49-26] cannot add Board Part xilinx.com:k24i:part0:1.0 available at C:/AMDDesignTools/2025.2/data/xhub/boards\XilinxBoardStore\boards\Xilinx\k24i\1.0\board.xml as part xck24-ubva530-2lvi-i specified in board_part file is either invalid or not available
WARNING: [Board 49-26] cannot add Board Part xilinx.com:k26c:part0:1.2 available at C:/AMDDesignTools/2025.2/data/xhub/boards\XilinxBoardStore\boards\Xilinx\k26c\1.2\board.xml as part xck26-sfvc784-2lv-c specified in board_part file is either invalid or not available
WARNING: [Board 49-26] cannot add Board Part xilinx.com:k26c:part0:1.3 available at C:/AMDDesignTools/2025.2/data/xhub/boards\XilinxBoardStore\boards\Xilinx\k26c\1.3\board.xml as part xck26-sfvc784-2lv-c specified in board_part file is either invalid or not available
WARNING: [Board 49-26] cannot add Board Part xilinx.com:k26c:part0:1.4 available at C:/AMDDesignTools/2025.2/data/xhub/boards\XilinxBoardStore\boards\Xilinx\k26c\1.4\board.xml as part xck26-sfvc784-2lv-c specified in board_part file is either invalid or not available
WARNING: [Board 49-26] cannot add Board Part xilinx.com:k26i:part0:1.2 available at C:/AMDDesignTools/2025.2/data/xhub/boards\XilinxBoardStore\boards\Xilinx\k26i\1.2\board.xml as part xck26-sfvc784-2lvi-i specified in board_part file is either invalid or not available
WARNING: [Board 49-26] cannot add Board Part xilinx.com:k26i:part0:1.3 available at C:/AMDDesignTools/2025.2/data/xhub/boards\XilinxBoardStore\boards\Xilinx\k26i\1.3\board.xml as part xck26-sfvc784-2lvi-i specified in board_part file is either invalid or not available
WARNING: [Board 49-26] cannot add Board Part xilinx.com:k26i:part0:1.4 available at C:/AMDDesignTools/2025.2/data/xhub/boards\XilinxBoardStore\boards\Xilinx\k26i\1.4\board.xml as part xck26-sfvc784-2lvi-i specified in board_part file is either invalid or not available
WARNING: [Board 49-26] cannot add Board Part xilinx.com:kc705:part0:1.6 available at C:/AMDDesignTools/2025.2/data/xhub/boards\XilinxBoardStore\boards\Xilinx\kc705\1.6\board.xml as part xc7k325tffg900-2 specified in board_part file is either invalid or not available
WARNING: [Board 49-26] cannot add Board Part xilinx.com:kc705:part0:1.7 available at C:/AMDDesignTools/2025.2/data/xhub/boards\XilinxBoardStore\boards\Xilinx\kc705\1.7\board.xml as part xc7k325tffg900-2 specified in board_part file is either invalid or not available
WARNING: [Board 49-26] cannot add Board Part xilinx.com:kcu105:part0:1.6 available at C:/AMDDesignTools/2025.2/data/xhub/boards\XilinxBoardStore\boards\Xilinx\kcu105\1.6\board.xml as part xcku040-ffva1156-2-e specified in board_part file is either invalid or not available
WARNING: [Board 49-26] cannot add Board Part xilinx.com:kcu105:part0:1.7 available at C:/AMDDesignTools/2025.2/data/xhub/boards\XilinxBoardStore\boards\Xilinx\kcu105\1.7\board.xml as part xcku040-ffva1156-2-e specified in board_part file is either invalid or not available
WARNING: [Board 49-26] cannot add Board Part xilinx.com:kcu116:part0:1.4 available at C:/AMDDesignTools/2025.2/data/xhub/boards\XilinxBoardStore\boards\Xilinx\kcu116\1.4\board.xml as part xcku5p-ffvb676-2-e specified in board_part file is either invalid or not available
WARNING: [Board 49-26] cannot add Board Part xilinx.com:kcu116:part0:1.5 available at C:/AMDDesignTools/2025.2/data/xhub/boards\XilinxBoardStore\boards\Xilinx\kcu116\1.5\board.xml as part xcku5p-ffvb676-2-e specified in board_part file is either invalid or not available
WARNING: [Board 49-26] cannot add Board Part xilinx.com:kcu1500:part0:1.2 available at C:/AMDDesignTools/2025.2/data/xhub/boards\XilinxBoardStore\boards\Xilinx\kcu1500\1.2\board.xml as part xcku115-flvb2104-2-e specified in board_part file is either invalid or not available
WARNING: [Board 49-26] cannot add Board Part xilinx.com:kd240_som:part0:1.0 available at C:/AMDDesignTools/2025.2/data/xhub/boards\XilinxBoardStore\boards\Xilinx\kd240_som\1.0\board.xml as part xck24-ubva530-2lv-c specified in board_part file is either invalid or not available
WARNING: [Board 49-26] cannot add Board Part xilinx.com:kd240_som:part0:1.1 available at C:/AMDDesignTools/2025.2/data/xhub/boards\XilinxBoardStore\boards\Xilinx\kd240_som\1.1\board.xml as part xck24-ubva530-2lv-c specified in board_part file is either invalid or not available
WARNING: [Board 49-26] cannot add Board Part xilinx.com:kr260_som:part0:1.0 available at C:/AMDDesignTools/2025.2/data/xhub/boards\XilinxBoardStore\boards\Xilinx\kr260_som\1.0\board.xml as part xck26-sfvc784-2lv-c specified in board_part file is either invalid or not available
WARNING: [Board 49-26] cannot add Board Part xilinx.com:kr260_som:part0:1.1 available at C:/AMDDesignTools/2025.2/data/xhub/boards\XilinxBoardStore\boards\Xilinx\kr260_som\1.1\board.xml as part xck26-sfvc784-2lv-c specified in board_part file is either invalid or not available
WARNING: [Board 49-26] cannot add Board Part xilinx.com:kv260_som:part0:1.2 available at C:/AMDDesignTools/2025.2/data/xhub/boards\XilinxBoardStore\boards\Xilinx\kv260_som\1.2\board.xml as part xck26-sfvc784-2lv-c specified in board_part file is either invalid or not available
WARNING: [Board 49-26] cannot add Board Part xilinx.com:kv260_som:part0:1.3 available at C:/AMDDesignTools/2025.2/data/xhub/boards\XilinxBoardStore\boards\Xilinx\kv260_som\1.3\board.xml as part xck26-sfvc784-2lv-c specified in board_part file is either invalid or not available
WARNING: [Board 49-26] cannot add Board Part xilinx.com:kv260_som:part0:1.4 available at C:/AMDDesignTools/2025.2/data/xhub/boards\XilinxBoardStore\boards\Xilinx\kv260_som\1.4\board.xml as part xck26-sfvc784-2lv-c specified in board_part file is either invalid or not available
WARNING: [Board 49-26] cannot add Board Part xilinx.com:scu35:part0:1.0 available at C:/AMDDesignTools/2025.2/data/xhub/boards\XilinxBoardStore\boards\Xilinx\scu35\1.0\board.xml as part xcsu35p-sbvb625-2-e specified in board_part file is either invalid or not available
WARNING: [Board 49-26] cannot add Board Part xilinx.com:sp701:part0:1.0 available at C:/AMDDesignTools/2025.2/data/xhub/boards\XilinxBoardStore\boards\Xilinx\sp701\1.0\board.xml as part xc7s100fgga676-2 specified in board_part file is either invalid or not available
WARNING: [Board 49-26] cannot add Board Part xilinx.com:sp701:part0:1.1 available at C:/AMDDesignTools/2025.2/data/xhub/boards\XilinxBoardStore\boards\Xilinx\sp701\1.1\board.xml as part xc7s100fgga676-2 specified in board_part file is either invalid or not available
WARNING: [Board 49-26] cannot add Board Part xilinx.com:v80:part0:1.0 available at C:/AMDDesignTools/2025.2/data/xhub/boards\XilinxBoardStore\boards\Xilinx\v80\1.0\board.xml as part xcv80-lsva4737-2mhp-e-s specified in board_part file is either invalid or not available
WARNING: [Board 49-26] cannot add Board Part xilinx.com:vc707:part0:1.4 available at C:/AMDDesignTools/2025.2/data/xhub/boards\XilinxBoardStore\boards\Xilinx\vc707\1.4\board.xml as part xc7vx485tffg1761-2 specified in board_part file is either invalid or not available
WARNING: [Board 49-26] cannot add Board Part xilinx.com:vc707:part0:1.5 available at C:/AMDDesignTools/2025.2/data/xhub/boards\XilinxBoardStore\boards\Xilinx\vc707\1.5\board.xml as part xc7vx485tffg1761-2 specified in board_part file is either invalid or not available
WARNING: [Board 49-26] cannot add Board Part xilinx.com:vc709:part0:1.8 available at C:/AMDDesignTools/2025.2/data/xhub/boards\XilinxBoardStore\boards\Xilinx\vc709\1.8\board.xml as part xc7vx690tffg1761-2 specified in board_part file is either invalid or not available
WARNING: [Board 49-26] cannot add Board Part xilinx.com:vck190:part0:2.2 available at C:/AMDDesignTools/2025.2/data/xhub/boards\XilinxBoardStore\boards\Xilinx\vck190\production\2.2\board.xml as part xcvc1902-vsva2197-2mp-e-s specified in board_part file is either invalid or not available
WARNING: [Board 49-26] cannot add Board Part xilinx.com:vck190:part0:3.0 available at C:/AMDDesignTools/2025.2/data/xhub/boards\XilinxBoardStore\boards\Xilinx\vck190\production\3.0\board.xml as part xcvc1902-vsva2197-2mp-e-s specified in board_part file is either invalid or not available
WARNING: [Board 49-26] cannot add Board Part xilinx.com:vck190:part0:3.1 available at C:/AMDDesignTools/2025.2/data/xhub/boards\XilinxBoardStore\boards\Xilinx\vck190\production\3.1\board.xml as part xcvc1902-vsva2197-2mp-e-s specified in board_part file is either invalid or not available
WARNING: [Board 49-26] cannot add Board Part xilinx.com:vck190:part0:3.2 available at C:/AMDDesignTools/2025.2/data/xhub/boards\XilinxBoardStore\boards\Xilinx\vck190\production\3.2\board.xml as part xcvc1902-vsva2197-2mp-e-s specified in board_part file is either invalid or not available
WARNING: [Board 49-26] cannot add Board Part xilinx.com:vck190:part0:3.3 available at C:/AMDDesignTools/2025.2/data/xhub/boards\XilinxBoardStore\boards\Xilinx\vck190\production\3.3\board.xml as part xcvc1902-vsva2197-2mp-e-s specified in board_part file is either invalid or not available
WARNING: [Board 49-26] cannot add Board Part xilinx.com:vck190:part0:3.4 available at C:/AMDDesignTools/2025.2/data/xhub/boards\XilinxBoardStore\boards\Xilinx\vck190\production\3.4\board.xml as part xcvc1902-vsva2197-2mp-e-s specified in board_part file is either invalid or not available
WARNING: [Board 49-26] cannot add Board Part xilinx.com:vck190_newl:part0:1.0 available at C:/AMDDesignTools/2025.2/data/xhub/boards\XilinxBoardStore\boards\Xilinx\vck190_newl\production\1.0\board.xml as part xcvc1902-vsva2197-2mp-e-s specified in board_part file is either invalid or not available
WARNING: [Board 49-26] cannot add Board Part xilinx.com:vck190_newl:part0:1.1 available at C:/AMDDesignTools/2025.2/data/xhub/boards\XilinxBoardStore\boards\Xilinx\vck190_newl\production\1.1\board.xml as part xcvc1902-vsva2197-2mp-e-s specified in board_part file is either invalid or not available
WARNING: [Board 49-26] cannot add Board Part xilinx.com:vck190_newl:part0:1.2 available at C:/AMDDesignTools/2025.2/data/xhub/boards\XilinxBoardStore\boards\Xilinx\vck190_newl\production\1.2\board.xml as part xcvc1902-vsva2197-2mp-e-s specified in board_part file is either invalid or not available
WARNING: [Board 49-26] cannot add Board Part xilinx.com:vck190_newl:part0:1.3 available at C:/AMDDesignTools/2025.2/data/xhub/boards\XilinxBoardStore\boards\Xilinx\vck190_newl\production\1.3\board.xml as part xcvc1902-vsva2197-2mp-e-s specified in board_part file is either invalid or not available
WARNING: [Board 49-26] cannot add Board Part xilinx.com:vcu108:part0:1.6 available at C:/AMDDesignTools/2025.2/data/xhub/boards\XilinxBoardStore\boards\Xilinx\vcu108\1.6\board.xml as part xcvu095-ffva2104-2-e specified in board_part file is either invalid or not available
WARNING: [Board 49-26] cannot add Board Part xilinx.com:vcu108:part0:1.7 available at C:/AMDDesignTools/2025.2/data/xhub/boards\XilinxBoardStore\boards\Xilinx\vcu108\1.7\board.xml as part xcvu095-ffva2104-2-e specified in board_part file is either invalid or not available
WARNING: [Board 49-26] cannot add Board Part xilinx.com:vcu110:part0:1.4 available at C:/AMDDesignTools/2025.2/data/xhub/boards\XilinxBoardStore\boards\Xilinx\vcu110\1.4\board.xml as part xcvu190-flgc2104-2-e specified in board_part file is either invalid or not available
WARNING: [Board 49-26] cannot add Board Part xilinx.com:vcu118:part0:2.0 available at C:/AMDDesignTools/2025.2/data/xhub/boards\XilinxBoardStore\boards\Xilinx\vcu118\2.0\board.xml as part xcvu9p-flga2104-2l-e specified in board_part file is either invalid or not available
WARNING: [Board 49-26] cannot add Board Part xilinx.com:vcu118:part0:2.3 available at C:/AMDDesignTools/2025.2/data/xhub/boards\XilinxBoardStore\boards\Xilinx\vcu118\2.3\board.xml as part xcvu9p-flga2104-2l-e specified in board_part file is either invalid or not available
WARNING: [Board 49-26] cannot add Board Part xilinx.com:vcu118:part0:2.4 available at C:/AMDDesignTools/2025.2/data/xhub/boards\XilinxBoardStore\boards\Xilinx\vcu118\2.4\board.xml as part xcvu9p-flga2104-2l-e specified in board_part file is either invalid or not available
WARNING: [Board 49-26] cannot add Board Part xilinx.com:vcu128:part0:1.0 available at C:/AMDDesignTools/2025.2/data/xhub/boards\XilinxBoardStore\boards\Xilinx\vcu128\production\1.0\board.xml as part xcvu37p-fsvh2892-2l-e specified in board_part file is either invalid or not available
WARNING: [Board 49-26] cannot add Board Part xilinx.com:vcu129:part0:1.0 available at C:/AMDDesignTools/2025.2/data/xhub/boards\XilinxBoardStore\boards\Xilinx\vcu129\production\1.0\board.xml as part xcvu29p-fsga2577-2l-e specified in board_part file is either invalid or not available
WARNING: [Board 49-26] cannot add Board Part xilinx.com:vcu1525:part0:1.3 available at C:/AMDDesignTools/2025.2/data/xhub/boards\XilinxBoardStore\boards\Xilinx\vcu1525\1.3\board.xml as part xcvu9p-fsgd2104-2l-e specified in board_part file is either invalid or not available
WARNING: [Board 49-26] cannot add Board Part xilinx.com:vek280:part0:1.0 available at C:/AMDDesignTools/2025.2/data/xhub/boards\XilinxBoardStore\boards\Xilinx\vek280\production\1.0\board.xml as part xcve2802-vsvh1760-2mp-e-s specified in board_part file is either invalid or not available
WARNING: [Board 49-26] cannot add Board Part xilinx.com:vek280:part0:1.1 available at C:/AMDDesignTools/2025.2/data/xhub/boards\XilinxBoardStore\boards\Xilinx\vek280\production\1.1\board.xml as part xcve2802-vsvh1760-2mp-e-s specified in board_part file is either invalid or not available
WARNING: [Board 49-26] cannot add Board Part xilinx.com:vek280:part0:1.2 available at C:/AMDDesignTools/2025.2/data/xhub/boards\XilinxBoardStore\boards\Xilinx\vek280\production\1.2\board.xml as part xcve2802-vsvh1760-2mp-e-s specified in board_part file is either invalid or not available
WARNING: [Board 49-26] cannot add Board Part xilinx.com:vek385:part0:1.0 available at C:/AMDDesignTools/2025.2/data/xhub/boards\XilinxBoardStore\boards\Xilinx\vek385\1.0\board.xml as part xc2ve3858-ssva2112-2mp-e-s specified in board_part file is either invalid or not available
WARNING: [Board 49-26] cannot add Board Part xilinx.com:vek385:part0:1.1 available at C:/AMDDesignTools/2025.2/data/xhub/boards\XilinxBoardStore\boards\Xilinx\vek385\1.1\board.xml as part xc2ve3858-ssva2112-2mp-e-s specified in board_part file is either invalid or not available
WARNING: [Board 49-26] cannot add Board Part xilinx.com:vek385_1:part0:1.0 available at C:/AMDDesignTools/2025.2/data/xhub/boards\XilinxBoardStore\boards\Xilinx\vek385_2\1.0\board.xml as part xc2ve3858-ssva2112-2mp-e-s specified in board_part file is either invalid or not available
WARNING: [Board 49-26] cannot add Board Part xilinx.com:vermeo_t1_mpsoc:part0:1.0 available at C:/AMDDesignTools/2025.2/data/xhub/boards\XilinxBoardStore\boards\Xilinx\vermeo_t1_mpsoc\1.0\board.xml as part xczu19eg-ffvd1760-2l-e specified in board_part file is either invalid or not available
WARNING: [Board 49-26] cannot add Board Part xilinx.com:vermeo_t1_rfsoc:part0:1.0 available at C:/AMDDesignTools/2025.2/data/xhub/boards\XilinxBoardStore\boards\Xilinx\vermeo_t1_rfsoc\1.0\board.xml as part xczu21dr-ffvd1156-2l-e specified in board_part file is either invalid or not available
WARNING: [Board 49-26] cannot add Board Part xilinx.com:vhk158:part0:1.0 available at C:/AMDDesignTools/2025.2/data/xhub/boards\XilinxBoardStore\boards\Xilinx\vhk158\production\1.0\board.xml as part xcvh1582-vsva3697-2mp-e-s specified in board_part file is either invalid or not available
WARNING: [Board 49-26] cannot add Board Part xilinx.com:vhk158:part0:1.1 available at C:/AMDDesignTools/2025.2/data/xhub/boards\XilinxBoardStore\boards\Xilinx\vhk158\production\1.1\board.xml as part xcvh1582-vsva3697-2mp-e-s specified in board_part file is either invalid or not available
WARNING: [Board 49-26] cannot add Board Part xilinx.com:vhk158:part0:1.2 available at C:/AMDDesignTools/2025.2/data/xhub/boards\XilinxBoardStore\boards\Xilinx\vhk158\production\1.2\board.xml as part xcvh1582-vsva3697-2mp-e-s specified in board_part file is either invalid or not available
WARNING: [Board 49-26] cannot add Board Part xilinx.com:vmk180:part0:2.2 available at C:/AMDDesignTools/2025.2/data/xhub/boards\XilinxBoardStore\boards\Xilinx\vmk180\production\2.2\board.xml as part xcvm1802-vsva2197-2mp-e-s specified in board_part file is either invalid or not available
WARNING: [Board 49-26] cannot add Board Part xilinx.com:vmk180:part0:3.0 available at C:/AMDDesignTools/2025.2/data/xhub/boards\XilinxBoardStore\boards\Xilinx\vmk180\production\3.0\board.xml as part xcvm1802-vsva2197-2mp-e-s specified in board_part file is either invalid or not available
WARNING: [Board 49-26] cannot add Board Part xilinx.com:vmk180:part0:3.1 available at C:/AMDDesignTools/2025.2/data/xhub/boards\XilinxBoardStore\boards\Xilinx\vmk180\production\3.1\board.xml as part xcvm1802-vsva2197-2mp-e-s specified in board_part file is either invalid or not available
WARNING: [Board 49-26] cannot add Board Part xilinx.com:vmk180:part0:3.2 available at C:/AMDDesignTools/2025.2/data/xhub/boards\XilinxBoardStore\boards\Xilinx\vmk180\production\3.2\board.xml as part xcvm1802-vsva2197-2mp-e-s specified in board_part file is either invalid or not available
WARNING: [Board 49-26] cannot add Board Part xilinx.com:vmk180:part0:3.3 available at C:/AMDDesignTools/2025.2/data/xhub/boards\XilinxBoardStore\boards\Xilinx\vmk180\production\3.3\board.xml as part xcvm1802-vsva2197-2mp-e-s specified in board_part file is either invalid or not available
WARNING: [Board 49-26] cannot add Board Part xilinx.com:vmk180_newl:part0:1.0 available at C:/AMDDesignTools/2025.2/data/xhub/boards\XilinxBoardStore\boards\Xilinx\vmk180_newl\production\1.0\board.xml as part xcvm1802-vsva2197-2mp-e-s specified in board_part file is either invalid or not available
WARNING: [Board 49-26] cannot add Board Part xilinx.com:vmk180_newl:part0:1.1 available at C:/AMDDesignTools/2025.2/data/xhub/boards\XilinxBoardStore\boards\Xilinx\vmk180_newl\production\1.1\board.xml as part xcvm1802-vsva2197-2mp-e-s specified in board_part file is either invalid or not available
WARNING: [Board 49-26] cannot add Board Part xilinx.com:vpk120:part0:1.0 available at C:/AMDDesignTools/2025.2/data/xhub/boards\XilinxBoardStore\boards\Xilinx\vpk120\production\1.0\board.xml as part xcvp1202-vsva2785-2mp-e-s specified in board_part file is either invalid or not available
WARNING: [Board 49-26] cannot add Board Part xilinx.com:vpk120:part0:1.1 available at C:/AMDDesignTools/2025.2/data/xhub/boards\XilinxBoardStore\boards\Xilinx\vpk120\production\1.1\board.xml as part xcvp1202-vsva2785-2mp-e-s specified in board_part file is either invalid or not available
WARNING: [Board 49-26] cannot add Board Part xilinx.com:vpk120:part0:1.2 available at C:/AMDDesignTools/2025.2/data/xhub/boards\XilinxBoardStore\boards\Xilinx\vpk120\production\1.2\board.xml as part xcvp1202-vsva2785-2mp-e-s specified in board_part file is either invalid or not available
WARNING: [Board 49-26] cannot add Board Part xilinx.com:vpk180:part0:1.0 available at C:/AMDDesignTools/2025.2/data/xhub/boards\XilinxBoardStore\boards\Xilinx\vpk180\production\1.0\board.xml as part xcvp1802-lsvc4072-2mp-e-s specified in board_part file is either invalid or not available
WARNING: [Board 49-26] cannot add Board Part xilinx.com:vpk180:part0:1.1 available at C:/AMDDesignTools/2025.2/data/xhub/boards\XilinxBoardStore\boards\Xilinx\vpk180\production\1.1\board.xml as part xcvp1802-lsvc4072-2mp-e-s specified in board_part file is either invalid or not available
WARNING: [Board 49-26] cannot add Board Part xilinx.com:vpk180:part0:1.2 available at C:/AMDDesignTools/2025.2/data/xhub/boards\XilinxBoardStore\boards\Xilinx\vpk180\production\1.2\board.xml as part xcvp1802-lsvc4072-2mp-e-s specified in board_part file is either invalid or not available
WARNING: [Board 49-26] cannot add Board Part xilinx.com:vrk160:part0:1.0 available at C:/AMDDesignTools/2025.2/data/xhub/boards\XilinxBoardStore\boards\Xilinx\vrk160\1.0\board.xml as part xcvr1602-vsva2488-2mp-e-s-es1 specified in board_part file is either invalid or not available
WARNING: [Board 49-26] cannot add Board Part xilinx.com:vrk160:part0:1.1 available at C:/AMDDesignTools/2025.2/data/xhub/boards\XilinxBoardStore\boards\Xilinx\vrk160\1.1\board.xml as part xcvr1602-vsva2488-2mp-e-s-es1 specified in board_part file is either invalid or not available
WARNING: [Board 49-26] cannot add Board Part xilinx.com:zc702:part0:1.4 available at C:/AMDDesignTools/2025.2/data/xhub/boards\XilinxBoardStore\boards\Xilinx\zc702\1.4\board.xml as part xc7z020clg484-1 specified in board_part file is either invalid or not available
WARNING: [Board 49-26] cannot add Board Part xilinx.com:zc706:part0:1.4 available at C:/AMDDesignTools/2025.2/data/xhub/boards\XilinxBoardStore\boards\Xilinx\zc706\1.4\board.xml as part xc7z045ffg900-2 specified in board_part file is either invalid or not available
WARNING: [Board 49-26] cannot add Board Part xilinx.com:zc706:part0:1.5 available at C:/AMDDesignTools/2025.2/data/xhub/boards\XilinxBoardStore\boards\Xilinx\zc706\1.5\board.xml as part xc7z045ffg900-2 specified in board_part file is either invalid or not available
WARNING: [Board 49-26] cannot add Board Part xilinx.com:zcu102:part0:3.3 available at C:/AMDDesignTools/2025.2/data/xhub/boards\XilinxBoardStore\boards\Xilinx\zcu102\3.3\board.xml as part xczu9eg-ffvb1156-2-e specified in board_part file is either invalid or not available
WARNING: [Board 49-26] cannot add Board Part xilinx.com:zcu102:part0:3.4 available at C:/AMDDesignTools/2025.2/data/xhub/boards\XilinxBoardStore\boards\Xilinx\zcu102\3.4\board.xml as part xczu9eg-ffvb1156-2-e specified in board_part file is either invalid or not available
WARNING: [Board 49-26] cannot add Board Part xilinx.com:zcu104:part0:1.1 available at C:/AMDDesignTools/2025.2/data/xhub/boards\XilinxBoardStore\boards\Xilinx\zcu104\1.1\board.xml as part xczu7ev-ffvc1156-2-e specified in board_part file is either invalid or not available
WARNING: [Board 49-26] cannot add Board Part xilinx.com:zcu106:part0:2.4 available at C:/AMDDesignTools/2025.2/data/xhub/boards\XilinxBoardStore\boards\Xilinx\zcu106\2.4\board.xml as part xczu7ev-ffvc1156-2-e specified in board_part file is either invalid or not available
WARNING: [Board 49-26] cannot add Board Part xilinx.com:zcu106:part0:2.5 available at C:/AMDDesignTools/2025.2/data/xhub/boards\XilinxBoardStore\boards\Xilinx\zcu106\2.5\board.xml as part xczu7ev-ffvc1156-2-e specified in board_part file is either invalid or not available
WARNING: [Board 49-26] cannot add Board Part xilinx.com:zcu106:part0:2.6 available at C:/AMDDesignTools/2025.2/data/xhub/boards\XilinxBoardStore\boards\Xilinx\zcu106\2.6\board.xml as part xczu7ev-ffvc1156-2-e specified in board_part file is either invalid or not available
WARNING: [Board 49-26] cannot add Board Part xilinx.com:zcu111:part0:1.2 available at C:/AMDDesignTools/2025.2/data/xhub/boards\XilinxBoardStore\boards\Xilinx\zcu111\1.2\board.xml as part xczu28dr-ffvg1517-2-e specified in board_part file is either invalid or not available
WARNING: [Board 49-26] cannot add Board Part xilinx.com:zcu111:part0:1.3 available at C:/AMDDesignTools/2025.2/data/xhub/boards\XilinxBoardStore\boards\Xilinx\zcu111\1.3\board.xml as part xczu28dr-ffvg1517-2-e specified in board_part file is either invalid or not available
WARNING: [Board 49-26] cannot add Board Part xilinx.com:zcu111:part0:1.4 available at C:/AMDDesignTools/2025.2/data/xhub/boards\XilinxBoardStore\boards\Xilinx\zcu111\1.4\board.xml as part xczu28dr-ffvg1517-2-e specified in board_part file is either invalid or not available
WARNING: [Board 49-26] cannot add Board Part xilinx.com:zcu1275:part0:1.0 available at C:/AMDDesignTools/2025.2/data/xhub/boards\XilinxBoardStore\boards\Xilinx\zcu1275\1.0\board.xml as part xczu29dr-ffvf1760-2-e specified in board_part file is either invalid or not available
WARNING: [Board 49-26] cannot add Board Part xilinx.com:zcu1285:part0:1.0 available at C:/AMDDesignTools/2025.2/data/xhub/boards\XilinxBoardStore\boards\Xilinx\zcu1285\1.0\board.xml as part xczu39dr-ffvf1760-2-i specified in board_part file is either invalid or not available
WARNING: [Board 49-26] cannot add Board Part xilinx.com:zcu208:part0:2.0 available at C:/AMDDesignTools/2025.2/data/xhub/boards\XilinxBoardStore\boards\Xilinx\zcu208\production\2.0\board.xml as part xczu48dr-fsvg1517-2-e specified in board_part file is either invalid or not available
WARNING: [Board 49-26] cannot add Board Part xilinx.com:zcu208ld:part0:2.0 available at C:/AMDDesignTools/2025.2/data/xhub/boards\XilinxBoardStore\boards\Xilinx\zcu208ld\production\2.0\board.xml as part xczu58dr-fsvg1517-2-i specified in board_part file is either invalid or not available
WARNING: [Board 49-26] cannot add Board Part xilinx.com:zcu216:part0:2.0 available at C:/AMDDesignTools/2025.2/data/xhub/boards\XilinxBoardStore\boards\Xilinx\zcu216\production\2.0\board.xml as part xczu49dr-ffvf1760-2-e specified in board_part file is either invalid or not available
WARNING: [Board 49-26] cannot add Board Part xilinx.com:zcu216ld:part0:2.0 available at C:/AMDDesignTools/2025.2/data/xhub/boards\XilinxBoardStore\boards\Xilinx\zcu216ld\production\2.0\board.xml as part xczu59dr-ffvf1760-2-i specified in board_part file is either invalid or not available
WARNING: [Board 49-26] cannot add Board Part xilinx.com:zcu670:part0:2.0 available at C:/AMDDesignTools/2025.2/data/xhub/boards\XilinxBoardStore\boards\Xilinx\zcu670\2.0\board.xml as part xczu67dr-fsve1156-2-i specified in board_part file is either invalid or not available
WARNING: [Board 49-26] cannot add Board Part xilinx.com:zcu670ld:part0:1.0 available at C:/AMDDesignTools/2025.2/data/xhub/boards\XilinxBoardStore\boards\Xilinx\zcu670ld\1.0\board.xml as part xczu57dr-fsve1156-2-i specified in board_part file is either invalid or not available
WARNING: [Project 1-5713] Board part '' set for the project  is not found. BoardPart property will be unset. Please select board from latest repo build 
open_project: Time (s): cpu = 00:00:11 ; elapsed = 00:00:08 . Memory (MB): peak = 525.395 ; gain = 217.879
# reset_run synth_1
# launch_runs synth_1 -jobs 4
WARNING: [Vivado 12-7122] Auto Incremental Compile:: No reference checkpoint was found in run synth_1. Auto-incremental flow will not be run, the standard flow will be run instead.
[Thu Apr  2 21:46:23 2026] Launched synth_1...
Run output will be captured here: C:/Users/minja/OneDrive/Documents/GitHub/5-Stage-Pipeline-RISC-V/vivado/project/basys3_riscv.runs/synth_1/runme.log
# wait_on_run synth_1
[Thu Apr  2 21:46:23 2026] Waiting for synth_1 to finish...

*** Running vivado
    with args -log basys3_riscv_top.vds -m64 -product Vivado -mode batch -messageDb vivado.pb -notrace -source basys3_riscv_top.tcl



****** Vivado v2025.2 (64-bit)
  **** SW Build 6299465 on Fri Nov 14 19:35:11 GMT 2025
  **** IP Build 6300035 on Fri Nov 14 10:48:45 MST 2025
  **** SharedData Build 6298862 on Thu Nov 13 04:50:51 MST 2025
  **** Start of session at: Thu Apr  2 21:46:25 2026
    ** Copyright 1986-2022 Xilinx, Inc. All Rights Reserved.
    ** Copyright 2022-2025 Advanced Micro Devices, Inc. All Rights Reserved.

source basys3_riscv_top.tcl -notrace
create_project: Time (s): cpu = 00:00:10 ; elapsed = 00:00:08 . Memory (MB): peak = 527.277 ; gain = 220.402
Command: synth_design -top basys3_riscv_top -part xc7a35tcpg236-1
Starting synth_design
Attempting to get a license for feature 'Synthesis' and/or device 'xc7a35t'
INFO: [Common 17-349] Got license for feature 'Synthesis' and/or device 'xc7a35t'
INFO: [Device 21-403] Loading part xc7a35tcpg236-1
INFO: [Synth 8-7079] Multithreading enabled for synth_design using a maximum of 2 processes.
INFO: [Synth 8-7078] Launching helper process for spawning children vivado processes
INFO: [Synth 8-7075] Helper process launched with PID 26448
---------------------------------------------------------------------------------
Starting RTL Elaboration : Time (s): cpu = 00:00:07 ; elapsed = 00:00:08 . Memory (MB): peak = 1255.742 ; gain = 538.883
---------------------------------------------------------------------------------
INFO: [Synth 8-6157] synthesizing module 'basys3_riscv_top' [C:/Users/minja/OneDrive/Documents/GitHub/5-Stage-Pipeline-RISC-V/src/basys3_riscv_top.sv:4]
INFO: [Synth 8-6157] synthesizing module 'simple_memory' [C:/Users/minja/OneDrive/Documents/GitHub/5-Stage-Pipeline-RISC-V/src/simple_memory.sv:5]
	Parameter ADDR_WIDTH bound to: 12 - type: integer 
	Parameter CLEAR_ON_RESET bound to: 0 - type: integer 
	Parameter INIT_FILE bound to: imem_program.hex - type: string 
INFO: [Synth 8-3876] $readmem data file 'imem_program.hex' is read successfully [C:/Users/minja/OneDrive/Documents/GitHub/5-Stage-Pipeline-RISC-V/src/simple_memory.sv:51]
INFO: [Synth 8-6155] done synthesizing module 'simple_memory' (0#1) [C:/Users/minja/OneDrive/Documents/GitHub/5-Stage-Pipeline-RISC-V/src/simple_memory.sv:5]
INFO: [Synth 8-6157] synthesizing module 'riscv_cpu_top' [C:/Users/minja/OneDrive/Documents/GitHub/5-Stage-Pipeline-RISC-V/src/riscv_cpu_top.sv:5]
INFO: [Synth 8-6157] synthesizing module 'program_counter' [C:/Users/minja/OneDrive/Documents/GitHub/5-Stage-Pipeline-RISC-V/src/program_counter.sv:5]
INFO: [Synth 8-6155] done synthesizing module 'program_counter' (0#1) [C:/Users/minja/OneDrive/Documents/GitHub/5-Stage-Pipeline-RISC-V/src/program_counter.sv:5]
INFO: [Synth 8-6157] synthesizing module 'pipeline_if_id' [C:/Users/minja/OneDrive/Documents/GitHub/5-Stage-Pipeline-RISC-V/src/pipeline_if_id.sv:2]
INFO: [Synth 8-6155] done synthesizing module 'pipeline_if_id' (0#1) [C:/Users/minja/OneDrive/Documents/GitHub/5-Stage-Pipeline-RISC-V/src/pipeline_if_id.sv:2]
INFO: [Synth 8-6157] synthesizing module 'control_unit' [C:/Users/minja/OneDrive/Documents/GitHub/5-Stage-Pipeline-RISC-V/src/control_unit.sv:5]
INFO: [Synth 8-226] default block is never used [C:/Users/minja/OneDrive/Documents/GitHub/5-Stage-Pipeline-RISC-V/src/control_unit.sv:161]
INFO: [Synth 8-226] default block is never used [C:/Users/minja/OneDrive/Documents/GitHub/5-Stage-Pipeline-RISC-V/src/control_unit.sv:184]
INFO: [Synth 8-6155] done synthesizing module 'control_unit' (0#1) [C:/Users/minja/OneDrive/Documents/GitHub/5-Stage-Pipeline-RISC-V/src/control_unit.sv:5]
INFO: [Synth 8-6157] synthesizing module 'register_file' [C:/Users/minja/OneDrive/Documents/GitHub/5-Stage-Pipeline-RISC-V/src/register_file.sv:5]
INFO: [Synth 8-6155] done synthesizing module 'register_file' (0#1) [C:/Users/minja/OneDrive/Documents/GitHub/5-Stage-Pipeline-RISC-V/src/register_file.sv:5]
INFO: [Synth 8-6157] synthesizing module 'immediate_generator' [C:/Users/minja/OneDrive/Documents/GitHub/5-Stage-Pipeline-RISC-V/src/immediate_generator.sv:5]
INFO: [Synth 8-6155] done synthesizing module 'immediate_generator' (0#1) [C:/Users/minja/OneDrive/Documents/GitHub/5-Stage-Pipeline-RISC-V/src/immediate_generator.sv:5]
INFO: [Synth 8-6157] synthesizing module 'pipeline_id_ex' [C:/Users/minja/OneDrive/Documents/GitHub/5-Stage-Pipeline-RISC-V/src/pipeline_id_ex.sv:2]
INFO: [Synth 8-6155] done synthesizing module 'pipeline_id_ex' (0#1) [C:/Users/minja/OneDrive/Documents/GitHub/5-Stage-Pipeline-RISC-V/src/pipeline_id_ex.sv:2]
INFO: [Synth 8-6157] synthesizing module 'forwarding_unit' [C:/Users/minja/OneDrive/Documents/GitHub/5-Stage-Pipeline-RISC-V/src/forwarding_unit.sv:4]
INFO: [Synth 8-6155] done synthesizing module 'forwarding_unit' (0#1) [C:/Users/minja/OneDrive/Documents/GitHub/5-Stage-Pipeline-RISC-V/src/forwarding_unit.sv:4]
INFO: [Synth 8-6157] synthesizing module 'riscv_alu' [C:/Users/minja/OneDrive/Documents/GitHub/5-Stage-Pipeline-RISC-V/src/riscv_alu.sv:5]
INFO: [Synth 8-6157] synthesizing module 'full_adder' [C:/Users/minja/OneDrive/Documents/GitHub/5-Stage-Pipeline-RISC-V/src/riscv_alu.sv:162]
INFO: [Synth 8-6155] done synthesizing module 'full_adder' (0#1) [C:/Users/minja/OneDrive/Documents/GitHub/5-Stage-Pipeline-RISC-V/src/riscv_alu.sv:162]
INFO: [Synth 8-6157] synthesizing module 'mux_10to1' [C:/Users/minja/OneDrive/Documents/GitHub/5-Stage-Pipeline-RISC-V/src/riscv_alu.sv:356]
INFO: [Synth 8-6155] done synthesizing module 'mux_10to1' (0#1) [C:/Users/minja/OneDrive/Documents/GitHub/5-Stage-Pipeline-RISC-V/src/riscv_alu.sv:356]
INFO: [Synth 8-6157] synthesizing module 'barrel_shifter_left' [C:/Users/minja/OneDrive/Documents/GitHub/5-Stage-Pipeline-RISC-V/src/riscv_alu.sv:183]
INFO: [Synth 8-6157] synthesizing module 'mux_2to1' [C:/Users/minja/OneDrive/Documents/GitHub/5-Stage-Pipeline-RISC-V/src/riscv_alu.sv:338]
INFO: [Synth 8-6155] done synthesizing module 'mux_2to1' (0#1) [C:/Users/minja/OneDrive/Documents/GitHub/5-Stage-Pipeline-RISC-V/src/riscv_alu.sv:338]
INFO: [Synth 8-6155] done synthesizing module 'barrel_shifter_left' (0#1) [C:/Users/minja/OneDrive/Documents/GitHub/5-Stage-Pipeline-RISC-V/src/riscv_alu.sv:183]
INFO: [Synth 8-6157] synthesizing module 'barrel_shifter_right' [C:/Users/minja/OneDrive/Documents/GitHub/5-Stage-Pipeline-RISC-V/src/riscv_alu.sv:258]
INFO: [Synth 8-6155] done synthesizing module 'barrel_shifter_right' (0#1) [C:/Users/minja/OneDrive/Documents/GitHub/5-Stage-Pipeline-RISC-V/src/riscv_alu.sv:258]
INFO: [Synth 8-6155] done synthesizing module 'riscv_alu' (0#1) [C:/Users/minja/OneDrive/Documents/GitHub/5-Stage-Pipeline-RISC-V/src/riscv_alu.sv:5]
INFO: [Synth 8-6157] synthesizing module 'branch_unit' [C:/Users/minja/OneDrive/Documents/GitHub/5-Stage-Pipeline-RISC-V/src/branch_unit.sv:5]
INFO: [Synth 8-6155] done synthesizing module 'branch_unit' (0#1) [C:/Users/minja/OneDrive/Documents/GitHub/5-Stage-Pipeline-RISC-V/src/branch_unit.sv:5]
INFO: [Synth 8-6157] synthesizing module 'pipeline_ex_mem' [C:/Users/minja/OneDrive/Documents/GitHub/5-Stage-Pipeline-RISC-V/src/pipeline_ex_mem.sv:2]
INFO: [Synth 8-6155] done synthesizing module 'pipeline_ex_mem' (0#1) [C:/Users/minja/OneDrive/Documents/GitHub/5-Stage-Pipeline-RISC-V/src/pipeline_ex_mem.sv:2]
INFO: [Synth 8-6157] synthesizing module 'load_store_unit' [C:/Users/minja/OneDrive/Documents/GitHub/5-Stage-Pipeline-RISC-V/src/load_store_unit.sv:5]
INFO: [Synth 8-6155] done synthesizing module 'load_store_unit' (0#1) [C:/Users/minja/OneDrive/Documents/GitHub/5-Stage-Pipeline-RISC-V/src/load_store_unit.sv:5]
INFO: [Synth 8-6157] synthesizing module 'simple_memory__parameterized0' [C:/Users/minja/OneDrive/Documents/GitHub/5-Stage-Pipeline-RISC-V/src/simple_memory.sv:5]
	Parameter ADDR_WIDTH bound to: 12 - type: integer 
INFO: [Synth 8-6155] done synthesizing module 'simple_memory__parameterized0' (0#1) [C:/Users/minja/OneDrive/Documents/GitHub/5-Stage-Pipeline-RISC-V/src/simple_memory.sv:5]
INFO: [Synth 8-6157] synthesizing module 'pipeline_mem_wb' [C:/Users/minja/OneDrive/Documents/GitHub/5-Stage-Pipeline-RISC-V/src/pipeline_mem_wb.sv:2]
INFO: [Synth 8-6155] done synthesizing module 'pipeline_mem_wb' (0#1) [C:/Users/minja/OneDrive/Documents/GitHub/5-Stage-Pipeline-RISC-V/src/pipeline_mem_wb.sv:2]
INFO: [Synth 8-6155] done synthesizing module 'riscv_cpu_top' (0#1) [C:/Users/minja/OneDrive/Documents/GitHub/5-Stage-Pipeline-RISC-V/src/riscv_cpu_top.sv:5]
INFO: [Synth 8-6157] synthesizing module 'uart_tx' [C:/Users/minja/OneDrive/Documents/GitHub/5-Stage-Pipeline-RISC-V/src/uart_tx.sv:1]
	Parameter CLKS_PER_BIT bound to: 32'b00000000000000000000001101100100 
INFO: [Synth 8-6155] done synthesizing module 'uart_tx' (0#1) [C:/Users/minja/OneDrive/Documents/GitHub/5-Stage-Pipeline-RISC-V/src/uart_tx.sv:1]
INFO: [Synth 8-6157] synthesizing module 'uart_rx' [C:/Users/minja/OneDrive/Documents/GitHub/5-Stage-Pipeline-RISC-V/src/uart_rx.sv:1]
	Parameter CLKS_PER_BIT bound to: 32'b00000000000000000000001101100100 
INFO: [Synth 8-226] default block is never used [C:/Users/minja/OneDrive/Documents/GitHub/5-Stage-Pipeline-RISC-V/src/uart_rx.sv:47]
INFO: [Synth 8-6155] done synthesizing module 'uart_rx' (0#1) [C:/Users/minja/OneDrive/Documents/GitHub/5-Stage-Pipeline-RISC-V/src/uart_rx.sv:1]
INFO: [Synth 8-6155] done synthesizing module 'basys3_riscv_top' (0#1) [C:/Users/minja/OneDrive/Documents/GitHub/5-Stage-Pipeline-RISC-V/src/basys3_riscv_top.sv:4]
WARNING: [Synth 8-3917] design basys3_riscv_top has port led[15] driven by constant 0
WARNING: [Synth 8-3917] design basys3_riscv_top has port led[14] driven by constant 0
WARNING: [Synth 8-3917] design basys3_riscv_top has port led[13] driven by constant 0
WARNING: [Synth 8-3917] design basys3_riscv_top has port led[12] driven by constant 0
WARNING: [Synth 8-3917] design basys3_riscv_top has port led[11] driven by constant 0
WARNING: [Synth 8-3917] design basys3_riscv_top has port led[10] driven by constant 0
WARNING: [Synth 8-3917] design basys3_riscv_top has port led[9] driven by constant 0
WARNING: [Synth 8-3917] design basys3_riscv_top has port led[8] driven by constant 0
WARNING: [Synth 8-3917] design basys3_riscv_top has port led[7] driven by constant 0
WARNING: [Synth 8-3917] design basys3_riscv_top has port led[6] driven by constant 0
WARNING: [Synth 8-3917] design basys3_riscv_top has port led[5] driven by constant 0
WARNING: [Synth 8-3917] design basys3_riscv_top has port led[4] driven by constant 0
WARNING: [Synth 8-3917] design basys3_riscv_top has port led[3] driven by constant 0
WARNING: [Synth 8-3917] design basys3_riscv_top has port led[2] driven by constant 0
WARNING: [Synth 8-7129] Port reset in module simple_memory__parameterized0 is either unconnected or has no load
WARNING: [Synth 8-7129] Port address[1] in module simple_memory__parameterized0 is either unconnected or has no load
WARNING: [Synth 8-7129] Port address[0] in module simple_memory__parameterized0 is either unconnected or has no load
WARNING: [Synth 8-7129] Port instruction[6] in module immediate_generator is either unconnected or has no load
WARNING: [Synth 8-7129] Port instruction[5] in module immediate_generator is either unconnected or has no load
WARNING: [Synth 8-7129] Port instruction[4] in module immediate_generator is either unconnected or has no load
WARNING: [Synth 8-7129] Port instruction[3] in module immediate_generator is either unconnected or has no load
WARNING: [Synth 8-7129] Port instruction[2] in module immediate_generator is either unconnected or has no load
WARNING: [Synth 8-7129] Port instruction[1] in module immediate_generator is either unconnected or has no load
WARNING: [Synth 8-7129] Port instruction[0] in module immediate_generator is either unconnected or has no load
WARNING: [Synth 8-7129] Port instruction[31] in module control_unit is either unconnected or has no load
WARNING: [Synth 8-7129] Port instruction[29] in module control_unit is either unconnected or has no load
WARNING: [Synth 8-7129] Port instruction[28] in module control_unit is either unconnected or has no load
WARNING: [Synth 8-7129] Port instruction[27] in module control_unit is either unconnected or has no load
WARNING: [Synth 8-7129] Port instruction[26] in module control_unit is either unconnected or has no load
WARNING: [Synth 8-7129] Port instruction[25] in module control_unit is either unconnected or has no load
WARNING: [Synth 8-7129] Port instruction[24] in module control_unit is either unconnected or has no load
WARNING: [Synth 8-7129] Port instruction[23] in module control_unit is either unconnected or has no load
WARNING: [Synth 8-7129] Port instruction[22] in module control_unit is either unconnected or has no load
WARNING: [Synth 8-7129] Port instruction[21] in module control_unit is either unconnected or has no load
WARNING: [Synth 8-7129] Port instruction[20] in module control_unit is either unconnected or has no load
WARNING: [Synth 8-7129] Port instruction[19] in module control_unit is either unconnected or has no load
WARNING: [Synth 8-7129] Port instruction[18] in module control_unit is either unconnected or has no load
WARNING: [Synth 8-7129] Port instruction[17] in module control_unit is either unconnected or has no load
WARNING: [Synth 8-7129] Port instruction[16] in module control_unit is either unconnected or has no load
WARNING: [Synth 8-7129] Port instruction[15] in module control_unit is either unconnected or has no load
WARNING: [Synth 8-7129] Port instruction[11] in module control_unit is either unconnected or has no load
WARNING: [Synth 8-7129] Port instruction[10] in module control_unit is either unconnected or has no load
WARNING: [Synth 8-7129] Port instruction[9] in module control_unit is either unconnected or has no load
WARNING: [Synth 8-7129] Port instruction[8] in module control_unit is either unconnected or has no load
WARNING: [Synth 8-7129] Port instruction[7] in module control_unit is either unconnected or has no load
WARNING: [Synth 8-7129] Port reset in module simple_memory is either unconnected or has no load
WARNING: [Synth 8-7129] Port address[1] in module simple_memory is either unconnected or has no load
WARNING: [Synth 8-7129] Port address[0] in module simple_memory is either unconnected or has no load
---------------------------------------------------------------------------------
Finished RTL Elaboration : Time (s): cpu = 00:00:11 ; elapsed = 00:00:11 . Memory (MB): peak = 1393.680 ; gain = 676.820
---------------------------------------------------------------------------------
---------------------------------------------------------------------------------
Start Handling Custom Attributes
---------------------------------------------------------------------------------
---------------------------------------------------------------------------------
Finished Handling Custom Attributes : Time (s): cpu = 00:00:11 ; elapsed = 00:00:11 . Memory (MB): peak = 1393.680 ; gain = 676.820
---------------------------------------------------------------------------------
---------------------------------------------------------------------------------
Finished RTL Optimization Phase 1 : Time (s): cpu = 00:00:11 ; elapsed = 00:00:11 . Memory (MB): peak = 1393.680 ; gain = 676.820
---------------------------------------------------------------------------------
Netlist sorting complete. Time (s): cpu = 00:00:00 ; elapsed = 00:00:00.105 . Memory (MB): peak = 1393.680 ; gain = 0.000
INFO: [Project 1-570] Preparing netlist for logic optimization

Processing XDC Constraints
Initializing timing engine
Parsing XDC File [C:/Users/minja/OneDrive/Documents/GitHub/5-Stage-Pipeline-RISC-V/constraints/basys3_riscv.xdc]
Finished Parsing XDC File [C:/Users/minja/OneDrive/Documents/GitHub/5-Stage-Pipeline-RISC-V/constraints/basys3_riscv.xdc]
INFO: [Project 1-236] Implementation specific constraints were found while reading constraint file [C:/Users/minja/OneDrive/Documents/GitHub/5-Stage-Pipeline-RISC-V/constraints/basys3_riscv.xdc]. These constraints will be ignored for synthesis but will be used in implementation. Impacted constraints are listed in the file [.Xil/basys3_riscv_top_propImpl.xdc].
Resolution: To avoid this warning, move constraints listed in [.Xil/basys3_riscv_top_propImpl.xdc] to another XDC file and exclude this new file from synthesis with the used_in_synthesis property (File Properties dialog in GUI) and re-run elaboration/synthesis.
Completed Processing XDC Constraints

Netlist sorting complete. Time (s): cpu = 00:00:00 ; elapsed = 00:00:00.005 . Memory (MB): peak = 1393.680 ; gain = 0.000
INFO: [Project 1-111] Unisim Transformation Summary:
No Unisim elements were transformed.

Constraint Validation Runtime : Time (s): cpu = 00:00:00 ; elapsed = 00:00:00.058 . Memory (MB): peak = 1393.680 ; gain = 0.000
---------------------------------------------------------------------------------
Finished Constraint Validation : Time (s): cpu = 00:00:23 ; elapsed = 00:00:24 . Memory (MB): peak = 1393.680 ; gain = 676.820
---------------------------------------------------------------------------------
---------------------------------------------------------------------------------
Start Loading Part and Timing Information
---------------------------------------------------------------------------------
Loading part: xc7a35tcpg236-1
---------------------------------------------------------------------------------
Finished Loading Part and Timing Information : Time (s): cpu = 00:00:23 ; elapsed = 00:00:24 . Memory (MB): peak = 1393.680 ; gain = 676.820
---------------------------------------------------------------------------------
---------------------------------------------------------------------------------
Start Applying 'set_property' XDC Constraints
---------------------------------------------------------------------------------
---------------------------------------------------------------------------------
Finished applying 'set_property' XDC Constraints : Time (s): cpu = 00:00:23 ; elapsed = 00:00:24 . Memory (MB): peak = 1393.680 ; gain = 676.820
---------------------------------------------------------------------------------
INFO: [Synth 8-802] inferred FSM for state register 'state_reg' in module 'uart_rx'
---------------------------------------------------------------------------------------------------
                   State |                     New Encoding |                Previous Encoding 
---------------------------------------------------------------------------------------------------
                 RX_IDLE |                               00 |                               00
                RX_START |                               01 |                               01
                 RX_DATA |                               10 |                               10
                 RX_STOP |                               11 |                               11
---------------------------------------------------------------------------------------------------
INFO: [Synth 8-3354] encoded FSM with state register 'state_reg' using encoding 'sequential' in module 'uart_rx'
---------------------------------------------------------------------------------
Finished RTL Optimization Phase 2 : Time (s): cpu = 00:00:24 ; elapsed = 00:00:25 . Memory (MB): peak = 1393.680 ; gain = 676.820
---------------------------------------------------------------------------------
---------------------------------------------------------------------------------
Start RTL Component Statistics 
---------------------------------------------------------------------------------
Detailed RTL Component Info : 
+---Adders : 
	   2 Input   32 Bit       Adders := 5     
	   2 Input   10 Bit       Adders := 2     
	   2 Input    7 Bit       Adders := 1     
	   2 Input    6 Bit       Adders := 1     
	   2 Input    5 Bit       Adders := 4     
	   2 Input    4 Bit       Adders := 2     
	   3 Input    4 Bit       Adders := 1     
	   2 Input    3 Bit       Adders := 4     
	   2 Input    2 Bit       Adders := 4     
	   2 Input    1 Bit       Adders := 1     
+---XORs : 
	   2 Input      1 Bit         XORs := 128   
	   3 Input      1 Bit         XORs := 1     
+---Registers : 
	             1024 Bit    Registers := 1     
	               32 Bit    Registers := 52    
	               12 Bit    Registers := 1     
	               10 Bit    Registers := 3     
	                8 Bit    Registers := 2     
	                7 Bit    Registers := 1     
	                5 Bit    Registers := 7     
	                4 Bit    Registers := 2     
	                3 Bit    Registers := 3     
	                2 Bit    Registers := 8     
	                1 Bit    Registers := 32    
+---Muxes : 
	   2 Input   32 Bit        Muxes := 10    
	   4 Input   32 Bit        Muxes := 8     
	   2 Input   16 Bit        Muxes := 1     
	   2 Input   12 Bit        Muxes := 2     
	   2 Input   10 Bit        Muxes := 2     
	   4 Input   10 Bit        Muxes := 1     
	   4 Input    8 Bit        Muxes := 2     
	   2 Input    7 Bit        Muxes := 12    
	   8 Input    4 Bit        Muxes := 2     
	   2 Input    4 Bit        Muxes := 1     
	   4 Input    3 Bit        Muxes := 1     
	   2 Input    2 Bit        Muxes := 9     
	   4 Input    2 Bit        Muxes := 1     
	   2 Input    1 Bit        Muxes := 70    
	   4 Input    1 Bit        Muxes := 5     
---------------------------------------------------------------------------------
Finished RTL Component Statistics 
---------------------------------------------------------------------------------
---------------------------------------------------------------------------------
Start Part Resource Summary
---------------------------------------------------------------------------------
Part Resources:
DSPs: 90 (col length:60)
BRAMs: 100 (col length: RAMB18 60 RAMB36 30)
---------------------------------------------------------------------------------
Finished Part Resource Summary
---------------------------------------------------------------------------------
---------------------------------------------------------------------------------
Start Cross Boundary and Area Optimization
---------------------------------------------------------------------------------
WARNING: [Synth 8-3917] design basys3_riscv_top has port led[15] driven by constant 0
WARNING: [Synth 8-3917] design basys3_riscv_top has port led[14] driven by constant 0
WARNING: [Synth 8-3917] design basys3_riscv_top has port led[13] driven by constant 0
WARNING: [Synth 8-3917] design basys3_riscv_top has port led[12] driven by constant 0
WARNING: [Synth 8-3917] design basys3_riscv_top has port led[11] driven by constant 0
WARNING: [Synth 8-3917] design basys3_riscv_top has port led[10] driven by constant 0
WARNING: [Synth 8-3917] design basys3_riscv_top has port led[9] driven by constant 0
WARNING: [Synth 8-3917] design basys3_riscv_top has port led[8] driven by constant 0
WARNING: [Synth 8-3917] design basys3_riscv_top has port led[7] driven by constant 0
WARNING: [Synth 8-3917] design basys3_riscv_top has port led[6] driven by constant 0
WARNING: [Synth 8-3917] design basys3_riscv_top has port led[5] driven by constant 0
WARNING: [Synth 8-3917] design basys3_riscv_top has port led[4] driven by constant 0
WARNING: [Synth 8-3917] design basys3_riscv_top has port led[3] driven by constant 0
WARNING: [Synth 8-3917] design basys3_riscv_top has port led[2] driven by constant 0
WARNING: [Synth 8-7129] Port reset in module simple_memory__parameterized0 is either unconnected or has no load
WARNING: [Synth 8-7129] Port address[1] in module simple_memory__parameterized0 is either unconnected or has no load
WARNING: [Synth 8-7129] Port address[0] in module simple_memory__parameterized0 is either unconnected or has no load
WARNING: [Synth 8-7129] Port instruction[6] in module immediate_generator is either unconnected or has no load
WARNING: [Synth 8-7129] Port instruction[5] in module immediate_generator is either unconnected or has no load
WARNING: [Synth 8-7129] Port instruction[4] in module immediate_generator is either unconnected or has no load
WARNING: [Synth 8-7129] Port instruction[3] in module immediate_generator is either unconnected or has no load
WARNING: [Synth 8-7129] Port instruction[2] in module immediate_generator is either unconnected or has no load
WARNING: [Synth 8-7129] Port instruction[1] in module immediate_generator is either unconnected or has no load
WARNING: [Synth 8-7129] Port instruction[0] in module immediate_generator is either unconnected or has no load
WARNING: [Synth 8-7129] Port instruction[31] in module control_unit is either unconnected or has no load
WARNING: [Synth 8-7129] Port instruction[29] in module control_unit is either unconnected or has no load
WARNING: [Synth 8-7129] Port instruction[28] in module control_unit is either unconnected or has no load
WARNING: [Synth 8-7129] Port instruction[27] in module control_unit is either unconnected or has no load
WARNING: [Synth 8-7129] Port instruction[26] in module control_unit is either unconnected or has no load
WARNING: [Synth 8-7129] Port instruction[25] in module control_unit is either unconnected or has no load
WARNING: [Synth 8-7129] Port instruction[24] in module control_unit is either unconnected or has no load
WARNING: [Synth 8-7129] Port instruction[23] in module control_unit is either unconnected or has no load
WARNING: [Synth 8-7129] Port instruction[22] in module control_unit is either unconnected or has no load
WARNING: [Synth 8-7129] Port instruction[21] in module control_unit is either unconnected or has no load
WARNING: [Synth 8-7129] Port instruction[20] in module control_unit is either unconnected or has no load
WARNING: [Synth 8-7129] Port instruction[19] in module control_unit is either unconnected or has no load
WARNING: [Synth 8-7129] Port instruction[18] in module control_unit is either unconnected or has no load
WARNING: [Synth 8-7129] Port instruction[17] in module control_unit is either unconnected or has no load
WARNING: [Synth 8-7129] Port instruction[16] in module control_unit is either unconnected or has no load
WARNING: [Synth 8-7129] Port instruction[15] in module control_unit is either unconnected or has no load
WARNING: [Synth 8-7129] Port instruction[11] in module control_unit is either unconnected or has no load
WARNING: [Synth 8-7129] Port instruction[10] in module control_unit is either unconnected or has no load
WARNING: [Synth 8-7129] Port instruction[9] in module control_unit is either unconnected or has no load
WARNING: [Synth 8-7129] Port instruction[8] in module control_unit is either unconnected or has no load
WARNING: [Synth 8-7129] Port instruction[7] in module control_unit is either unconnected or has no load
WARNING: [Synth 8-7129] Port reset in module simple_memory is either unconnected or has no load
WARNING: [Synth 8-7129] Port address[1] in module simple_memory is either unconnected or has no load
WARNING: [Synth 8-7129] Port address[0] in module simple_memory is either unconnected or has no load
---------------------------------------------------------------------------------
Finished Cross Boundary and Area Optimization : Time (s): cpu = 00:00:51 ; elapsed = 00:00:53 . Memory (MB): peak = 1536.523 ; gain = 819.664
---------------------------------------------------------------------------------
---------------------------------------------------------------------------------
Start ROM, RAM, DSP, Shift Register and Retiming Reporting
---------------------------------------------------------------------------------

Distributed RAM: Preliminary Mapping Report (see note below)
+-----------------+-----------------+----------------+----------------------+------------------+
|Module Name      | RTL Object      | Inference      | Size (Depth x Width) | Primitives       | 
+-----------------+-----------------+----------------+----------------------+------------------+
|basys3_riscv_top | imem/memory_reg | User Attribute | 1 K x 32             | RAM256X1S x 128  | 
|cpu/dmem         | memory_reg      | User Attribute | 1 K x 32             | RAM256X1S x 128  | 
+-----------------+-----------------+----------------+----------------------+------------------+

Note: The table above is a preliminary report that shows the Distributed RAMs at the current stage of the synthesis flow. Some Distributed RAMs may be reimplemented as non Distributed RAM primitives later in the synthesis flow. Multiple instantiated RAMs are reported only once.
---------------------------------------------------------------------------------
Finished ROM, RAM, DSP, Shift Register and Retiming Reporting
---------------------------------------------------------------------------------
---------------------------------------------------------------------------------
Start Applying XDC Timing Constraints
---------------------------------------------------------------------------------
---------------------------------------------------------------------------------
Finished Applying XDC Timing Constraints : Time (s): cpu = 00:00:58 ; elapsed = 00:01:00 . Memory (MB): peak = 1603.117 ; gain = 886.258
---------------------------------------------------------------------------------
---------------------------------------------------------------------------------
Start Timing Optimization
---------------------------------------------------------------------------------
---------------------------------------------------------------------------------
Finished Timing Optimization : Time (s): cpu = 00:01:20 ; elapsed = 00:01:22 . Memory (MB): peak = 1798.555 ; gain = 1081.695
---------------------------------------------------------------------------------
---------------------------------------------------------------------------------
Start ROM, RAM, DSP, Shift Register and Retiming Reporting
---------------------------------------------------------------------------------

Distributed RAM: Final Mapping Report
+-----------------+-----------------+----------------+----------------------+------------------+
|Module Name      | RTL Object      | Inference      | Size (Depth x Width) | Primitives       | 
+-----------------+-----------------+----------------+----------------------+------------------+
|basys3_riscv_top | imem/memory_reg | User Attribute | 1 K x 32             | RAM256X1S x 128  | 
|cpu/dmem         | memory_reg      | User Attribute | 1 K x 32             | RAM256X1S x 128  | 
+-----------------+-----------------+----------------+----------------------+------------------+

---------------------------------------------------------------------------------
Finished ROM, RAM, DSP, Shift Register and Retiming Reporting
---------------------------------------------------------------------------------
---------------------------------------------------------------------------------
Start Technology Mapping
---------------------------------------------------------------------------------
---------------------------------------------------------------------------------
Finished Technology Mapping : Time (s): cpu = 00:01:23 ; elapsed = 00:01:25 . Memory (MB): peak = 1812.238 ; gain = 1095.379
---------------------------------------------------------------------------------
---------------------------------------------------------------------------------
Start IO Insertion
---------------------------------------------------------------------------------
---------------------------------------------------------------------------------
Start Flattening Before IO Insertion
---------------------------------------------------------------------------------
---------------------------------------------------------------------------------
Finished Flattening Before IO Insertion
---------------------------------------------------------------------------------
---------------------------------------------------------------------------------
Start Final Netlist Cleanup
---------------------------------------------------------------------------------
---------------------------------------------------------------------------------
Finished Final Netlist Cleanup
---------------------------------------------------------------------------------
---------------------------------------------------------------------------------
Finished IO Insertion : Time (s): cpu = 00:01:29 ; elapsed = 00:01:31 . Memory (MB): peak = 1964.102 ; gain = 1247.242
---------------------------------------------------------------------------------
---------------------------------------------------------------------------------
Start Renaming Generated Instances
---------------------------------------------------------------------------------
---------------------------------------------------------------------------------
Finished Renaming Generated Instances : Time (s): cpu = 00:01:29 ; elapsed = 00:01:31 . Memory (MB): peak = 1964.102 ; gain = 1247.242
---------------------------------------------------------------------------------
---------------------------------------------------------------------------------
Start Rebuilding User Hierarchy
---------------------------------------------------------------------------------
---------------------------------------------------------------------------------
Finished Rebuilding User Hierarchy : Time (s): cpu = 00:01:30 ; elapsed = 00:01:32 . Memory (MB): peak = 1964.102 ; gain = 1247.242
---------------------------------------------------------------------------------
---------------------------------------------------------------------------------
Start Renaming Generated Ports
---------------------------------------------------------------------------------
---------------------------------------------------------------------------------
Finished Renaming Generated Ports : Time (s): cpu = 00:01:30 ; elapsed = 00:01:32 . Memory (MB): peak = 1964.102 ; gain = 1247.242
---------------------------------------------------------------------------------
---------------------------------------------------------------------------------
Start Handling Custom Attributes
---------------------------------------------------------------------------------
---------------------------------------------------------------------------------
Finished Handling Custom Attributes : Time (s): cpu = 00:01:30 ; elapsed = 00:01:32 . Memory (MB): peak = 1964.102 ; gain = 1247.242
---------------------------------------------------------------------------------
---------------------------------------------------------------------------------
Start Renaming Generated Nets
---------------------------------------------------------------------------------
---------------------------------------------------------------------------------
Finished Renaming Generated Nets : Time (s): cpu = 00:01:30 ; elapsed = 00:01:32 . Memory (MB): peak = 1964.102 ; gain = 1247.242
---------------------------------------------------------------------------------
---------------------------------------------------------------------------------
Start Writing Synthesis Report
---------------------------------------------------------------------------------

Report BlackBoxes: 
+-+--------------+----------+
| |BlackBox name |Instances |
+-+--------------+----------+
+-+--------------+----------+

Report Cell Usage: 
+------+----------+------+
|      |Cell      |Count |
+------+----------+------+
|1     |BUFG      |     2|
|2     |CARRY4    |    55|
|3     |LUT1      |     9|
|4     |LUT2      |    89|
|5     |LUT3      |   178|
|6     |LUT4      |   193|
|7     |LUT5      |   324|
|8     |LUT6      |  1404|
|9     |MUXF7     |   383|
|10    |RAM256X1S |   256|
|11    |FDRE      |  2752|
|12    |FDSE      |    14|
|13    |IBUF      |     3|
|14    |OBUF      |    17|
+------+----------+------+
---------------------------------------------------------------------------------
Finished Writing Synthesis Report : Time (s): cpu = 00:01:30 ; elapsed = 00:01:32 . Memory (MB): peak = 1964.102 ; gain = 1247.242
---------------------------------------------------------------------------------
Synthesis finished with 0 errors, 0 critical warnings and 48 warnings.
Synthesis Optimization Runtime : Time (s): cpu = 00:01:15 ; elapsed = 00:01:28 . Memory (MB): peak = 1964.102 ; gain = 1247.242
Synthesis Optimization Complete : Time (s): cpu = 00:01:30 ; elapsed = 00:01:32 . Memory (MB): peak = 1964.102 ; gain = 1247.242
INFO: [Project 1-571] Translating synthesized netlist
Netlist sorting complete. Time (s): cpu = 00:00:00 ; elapsed = 00:00:00.113 . Memory (MB): peak = 1973.281 ; gain = 0.000
INFO: [Netlist 29-17] Analyzing 694 Unisim elements for replacement
INFO: [Netlist 29-28] Unisim Transformation completed in 0 CPU seconds
INFO: [Project 1-570] Preparing netlist for logic optimization
INFO: [Opt 31-138] Pushed 0 inverter(s) to 0 load pin(s).
Netlist sorting complete. Time (s): cpu = 00:00:00 ; elapsed = 00:00:00.004 . Memory (MB): peak = 1977.000 ; gain = 0.000
INFO: [Project 1-111] Unisim Transformation Summary:
  A total of 256 instances were transformed.
  RAM256X1S => RAM256X1S (MUXF7(x2), MUXF8, RAMS64E(x4)): 256 instances

Synth Design complete | Checksum: 60f33ce4
INFO: [Common 17-83] Releasing license: Synthesis
67 Infos, 96 Warnings, 0 Critical Warnings and 0 Errors encountered.
synth_design completed successfully
synth_design: Time (s): cpu = 00:01:37 ; elapsed = 00:01:42 . Memory (MB): peak = 1977.000 ; gain = 1449.723
Write ShapeDB Complete: Time (s): cpu = 00:00:00 ; elapsed = 00:00:00.015 . Memory (MB): peak = 1977.000 ; gain = 0.000
INFO: [Common 17-1381] The checkpoint 'C:/Users/minja/OneDrive/Documents/GitHub/5-Stage-Pipeline-RISC-V/vivado/project/basys3_riscv.runs/synth_1/basys3_riscv_top.dcp' has been generated.
INFO: [Vivado 12-24828] Executing command : report_utilization -file basys3_riscv_top_utilization_synth.rpt -pb basys3_riscv_top_utilization_synth.pb
INFO: [Common 17-206] Exiting Vivado at Thu Apr  2 21:48:21 2026...
[Thu Apr  2 21:48:23 2026] synth_1 finished
wait_on_runs: Time (s): cpu = 00:00:00 ; elapsed = 00:02:01 . Memory (MB): peak = 531.672 ; gain = 0.000
# launch_runs impl_1 -to_step write_bitstream -jobs 4
[Thu Apr  2 21:48:24 2026] Launched impl_1...
Run output will be captured here: C:/Users/minja/OneDrive/Documents/GitHub/5-Stage-Pipeline-RISC-V/vivado/project/basys3_riscv.runs/impl_1/runme.log
# wait_on_run impl_1
[Thu Apr  2 21:48:24 2026] Waiting for impl_1 to finish...

*** Running vivado
    with args -log basys3_riscv_top.vdi -applog -m64 -product Vivado -messageDb vivado.pb -mode batch -source basys3_riscv_top.tcl -notrace



****** Vivado v2025.2 (64-bit)
  **** SW Build 6299465 on Fri Nov 14 19:35:11 GMT 2025
  **** IP Build 6300035 on Fri Nov 14 10:48:45 MST 2025
  **** SharedData Build 6298862 on Thu Nov 13 04:50:51 MST 2025
  **** Start of session at: Thu Apr  2 21:48:31 2026
    ** Copyright 1986-2022 Xilinx, Inc. All Rights Reserved.
    ** Copyright 2022-2025 Advanced Micro Devices, Inc. All Rights Reserved.

source basys3_riscv_top.tcl -notrace
create_project: Time (s): cpu = 00:00:11 ; elapsed = 00:00:09 . Memory (MB): peak = 526.117 ; gain = 221.648
Command: link_design -top basys3_riscv_top -part xc7a35tcpg236-1
Design is defaulting to srcset: sources_1
Design is defaulting to constrset: constrs_1
INFO: [Device 21-403] Loading part xc7a35tcpg236-1
Netlist sorting complete. Time (s): cpu = 00:00:01 ; elapsed = 00:00:00.063 . Memory (MB): peak = 742.387 ; gain = 0.000
INFO: [Netlist 29-17] Analyzing 694 Unisim elements for replacement
INFO: [Netlist 29-28] Unisim Transformation completed in 0 CPU seconds
INFO: [Project 1-479] Netlist was created with Vivado 2025.2
INFO: [Project 1-570] Preparing netlist for logic optimization
Parsing XDC File [C:/Users/minja/OneDrive/Documents/GitHub/5-Stage-Pipeline-RISC-V/constraints/basys3_riscv.xdc]
Finished Parsing XDC File [C:/Users/minja/OneDrive/Documents/GitHub/5-Stage-Pipeline-RISC-V/constraints/basys3_riscv.xdc]
INFO: [Opt 31-138] Pushed 0 inverter(s) to 0 load pin(s).
Netlist sorting complete. Time (s): cpu = 00:00:00 ; elapsed = 00:00:00.004 . Memory (MB): peak = 881.719 ; gain = 0.000
INFO: [Project 1-111] Unisim Transformation Summary:
  A total of 256 instances were transformed.
  RAM256X1S => RAM256X1S (MUXF7(x2), MUXF8, RAMS64E(x4)): 256 instances

7 Infos, 0 Warnings, 0 Critical Warnings and 0 Errors encountered.
link_design completed successfully
link_design: Time (s): cpu = 00:00:06 ; elapsed = 00:00:07 . Memory (MB): peak = 881.719 ; gain = 355.602
Command: opt_design
Attempting to get a license for feature 'Implementation' and/or device 'xc7a35t'
INFO: [Common 17-349] Got license for feature 'Implementation' and/or device 'xc7a35t'
Running DRC as a precondition to command opt_design

Starting DRC Task
INFO: [DRC 23-27] Running DRC with 2 threads
INFO: [Project 1-461] DRC finished with 0 Errors
INFO: [Project 1-462] Please refer to the DRC report (report_drc) for more information.

Time (s): cpu = 00:00:01 ; elapsed = 00:00:00.915 . Memory (MB): peak = 910.445 ; gain = 28.727

Starting Cache Timing Information Task
INFO: [Timing 38-35] Done setting XDC timing constraints.
Ending Cache Timing Information Task | Checksum: 11323a477

Time (s): cpu = 00:00:07 ; elapsed = 00:00:07 . Memory (MB): peak = 1458.414 ; gain = 547.969

Starting Logic Optimization Task

Phase 1 Initialization

Phase 1.1 Core Generation And Design Setup
Phase 1.1 Core Generation And Design Setup | Checksum: 11323a477

Time (s): cpu = 00:00:00 ; elapsed = 00:00:00.008 . Memory (MB): peak = 1919.328 ; gain = 0.000

Phase 1.2 Setup Constraints And Sort Netlist
Phase 1.2 Setup Constraints And Sort Netlist | Checksum: 11323a477

Time (s): cpu = 00:00:00 ; elapsed = 00:00:00.016 . Memory (MB): peak = 1919.328 ; gain = 0.000
Phase 1 Initialization | Checksum: 11323a477

Time (s): cpu = 00:00:00 ; elapsed = 00:00:00.019 . Memory (MB): peak = 1919.328 ; gain = 0.000

Phase 2 Timer Update And Timing Data Collection

Phase 2.1 Detect if minReqCache needed
Phase 2.1 Detect if minReqCache needed | Checksum: 11323a477

Time (s): cpu = 00:00:00 ; elapsed = 00:00:00.031 . Memory (MB): peak = 1919.375 ; gain = 0.047

Phase 2.2 Timer Update
Phase 2.2 Timer Update | Checksum: 11323a477

Time (s): cpu = 00:00:00 ; elapsed = 00:00:00.190 . Memory (MB): peak = 1919.375 ; gain = 0.047

Phase 2.3 Timing Data Collection
Phase 2.3 Timing Data Collection | Checksum: 11323a477

Time (s): cpu = 00:00:00 ; elapsed = 00:00:00.200 . Memory (MB): peak = 1919.375 ; gain = 0.047
Phase 2 Timer Update And Timing Data Collection | Checksum: 11323a477

Time (s): cpu = 00:00:00 ; elapsed = 00:00:00.202 . Memory (MB): peak = 1919.375 ; gain = 0.047

Phase 3 Retarget
INFO: [Opt 31-1851] Number of loadless carry chains removed were: 0
INFO: [Opt 31-1834] Total Chains To Be Transformed Were: 0 AND Number of Transformed insts Created are: 0
INFO: [Opt 31-138] Pushed 0 inverter(s) to 0 load pin(s).
INFO: [Opt 31-49] Retargeted 0 cell(s).
Phase 3 Retarget | Checksum: 11323a477

Time (s): cpu = 00:00:00 ; elapsed = 00:00:00.286 . Memory (MB): peak = 1919.375 ; gain = 0.047
Retarget | Checksum: 11323a477
INFO: [Opt 31-389] Phase Retarget created 0 cells and removed 0 cells

Phase 4 Constant propagation
INFO: [Opt 31-138] Pushed 0 inverter(s) to 0 load pin(s).
Phase 4 Constant propagation | Checksum: d994d25e

Time (s): cpu = 00:00:01 ; elapsed = 00:00:00.336 . Memory (MB): peak = 1919.375 ; gain = 0.047
Constant propagation | Checksum: d994d25e
INFO: [Opt 31-389] Phase Constant propagation created 0 cells and removed 0 cells

Phase 5 Sweep
INFO: [Constraints 18-11670] Building netlist checker database with flags, 0x8
Done building netlist checker database: Time (s): cpu = 00:00:00 ; elapsed = 00:00:00.003 . Memory (MB): peak = 1919.375 ; gain = 0.000
Phase 5 Sweep | Checksum: 1909b63aa

Time (s): cpu = 00:00:01 ; elapsed = 00:00:00.414 . Memory (MB): peak = 1919.375 ; gain = 0.047
Sweep | Checksum: 1909b63aa
INFO: [Opt 31-389] Phase Sweep created 0 cells and removed 0 cells

Phase 6 BUFG optimization
Phase 6 BUFG optimization | Checksum: 1909b63aa

Time (s): cpu = 00:00:01 ; elapsed = 00:00:00.504 . Memory (MB): peak = 1919.375 ; gain = 0.047
BUFG optimization | Checksum: 1909b63aa
INFO: [Opt 31-662] Phase BUFG optimization created 0 cells of which 0 are BUFGs and removed 0 cells.

Phase 7 Shift Register Optimization
INFO: [Opt 31-1064] SRL Remap converted 0 SRLs to 0 registers and converted 0 registers of register chains to 0 SRLs
Phase 7 Shift Register Optimization | Checksum: 1909b63aa

Time (s): cpu = 00:00:01 ; elapsed = 00:00:00.521 . Memory (MB): peak = 1919.375 ; gain = 0.047
Shift Register Optimization | Checksum: 1909b63aa
INFO: [Opt 31-389] Phase Shift Register Optimization created 0 cells and removed 0 cells

Phase 8 Post Processing Netlist
Phase 8 Post Processing Netlist | Checksum: 1909b63aa

Time (s): cpu = 00:00:01 ; elapsed = 00:00:00.543 . Memory (MB): peak = 1919.375 ; gain = 0.047
Post Processing Netlist | Checksum: 1909b63aa
INFO: [Opt 31-389] Phase Post Processing Netlist created 0 cells and removed 0 cells

Phase 9 Finalization

Phase 9.1 Finalizing Design Cores and Updating Shapes
Phase 9.1 Finalizing Design Cores and Updating Shapes | Checksum: 16ed90d01

Time (s): cpu = 00:00:01 ; elapsed = 00:00:00.605 . Memory (MB): peak = 1919.375 ; gain = 0.047

Phase 9.2 Verifying Netlist Connectivity

Starting Connectivity Check Task

Time (s): cpu = 00:00:00 ; elapsed = 00:00:00.019 . Memory (MB): peak = 1919.375 ; gain = 0.000
Phase 9.2 Verifying Netlist Connectivity | Checksum: 16ed90d01

Time (s): cpu = 00:00:01 ; elapsed = 00:00:00.626 . Memory (MB): peak = 1919.375 ; gain = 0.047
Phase 9 Finalization | Checksum: 16ed90d01

Time (s): cpu = 00:00:01 ; elapsed = 00:00:00.629 . Memory (MB): peak = 1919.375 ; gain = 0.047
Opt_design Change Summary
=========================


-------------------------------------------------------------------------------------------------------------------------
|  Phase                        |  #Cells created  |  #Cells Removed  |  #Constrained objects preventing optimizations  |
-------------------------------------------------------------------------------------------------------------------------
|  Retarget                     |               0  |               0  |                                              0  |
|  Constant propagation         |               0  |               0  |                                              0  |
|  Sweep                        |               0  |               0  |                                              0  |
|  BUFG optimization            |               0  |               0  |                                              0  |
|  Shift Register Optimization  |               0  |               0  |                                              0  |
|  Post Processing Netlist      |               0  |               0  |                                              0  |
-------------------------------------------------------------------------------------------------------------------------


Ending Logic Optimization Task | Checksum: 16ed90d01

Time (s): cpu = 00:00:01 ; elapsed = 00:00:00.634 . Memory (MB): peak = 1919.375 ; gain = 0.047

Starting Power Optimization Task
INFO: [Pwropt 34-132] Skipping clock gating for clocks with a period < 2.00 ns.
Ending Power Optimization Task | Checksum: 16ed90d01

Time (s): cpu = 00:00:00 ; elapsed = 00:00:00.019 . Memory (MB): peak = 1919.375 ; gain = 0.000

Starting Final Cleanup Task
Ending Final Cleanup Task | Checksum: 16ed90d01

Time (s): cpu = 00:00:00 ; elapsed = 00:00:00.003 . Memory (MB): peak = 1919.375 ; gain = 0.000
Netlist sorting complete. Time (s): cpu = 00:00:00 ; elapsed = 00:00:00.004 . Memory (MB): peak = 1919.375 ; gain = 0.000
INFO: [Common 17-83] Releasing license: Implementation
27 Infos, 0 Warnings, 0 Critical Warnings and 0 Errors encountered.
opt_design completed successfully
opt_design: Time (s): cpu = 00:00:13 ; elapsed = 00:00:13 . Memory (MB): peak = 1919.375 ; gain = 1037.656
INFO: [Vivado 12-24828] Executing command : report_drc -file basys3_riscv_top_drc_opted.rpt -pb basys3_riscv_top_drc_opted.pb -rpx basys3_riscv_top_drc_opted.rpx
Command: report_drc -file basys3_riscv_top_drc_opted.rpt -pb basys3_riscv_top_drc_opted.pb -rpx basys3_riscv_top_drc_opted.rpx
INFO: [IP_Flow 19-234] Refreshing IP repositories
INFO: [IP_Flow 19-1704] No user IP repositories specified
INFO: [IP_Flow 19-2313] Loaded Vivado IP repository 'C:/AMDDesignTools/2025.2/Vivado/data/ip'.
INFO: [DRC 23-27] Running DRC with 2 threads
INFO: [Vivado_Tcl 2-168] The results of DRC are in file C:/Users/minja/OneDrive/Documents/GitHub/5-Stage-Pipeline-RISC-V/vivado/project/basys3_riscv.runs/impl_1/basys3_riscv_top_drc_opted.rpt.
report_drc completed successfully
INFO: [Timing 38-480] Writing timing data to binary archive.
Wrote PlaceDB: Time (s): cpu = 00:00:00 ; elapsed = 00:00:00 . Memory (MB): peak = 1919.375 ; gain = 0.000
Wrote PulsedLatchDB: Time (s): cpu = 00:00:00 ; elapsed = 00:00:00 . Memory (MB): peak = 1919.375 ; gain = 0.000
Writing XDEF routing.
Write ShapeDB Complete: Time (s): cpu = 00:00:00 ; elapsed = 00:00:00.023 . Memory (MB): peak = 1919.375 ; gain = 0.000
Writing XDEF routing logical nets.
Writing XDEF routing special nets.
Wrote RouteStorage: Time (s): cpu = 00:00:00 ; elapsed = 00:00:00.029 . Memory (MB): peak = 1919.375 ; gain = 0.000
Wrote PlaceStorage: Time (s): cpu = 00:00:00 ; elapsed = 00:00:00.002 . Memory (MB): peak = 1919.375 ; gain = 0.000
Wrote Netlist Cache: Time (s): cpu = 00:00:00 ; elapsed = 00:00:00 . Memory (MB): peak = 1919.375 ; gain = 0.000
Wrote Device Cache: Time (s): cpu = 00:00:00 ; elapsed = 00:00:00.008 . Memory (MB): peak = 1919.375 ; gain = 0.000
Write Physdb Complete: Time (s): cpu = 00:00:00 ; elapsed = 00:00:00.053 . Memory (MB): peak = 1919.375 ; gain = 0.000
INFO: [Common 17-1381] The checkpoint 'C:/Users/minja/OneDrive/Documents/GitHub/5-Stage-Pipeline-RISC-V/vivado/project/basys3_riscv.runs/impl_1/basys3_riscv_top_opt.dcp' has been generated.
Command: place_design
Attempting to get a license for feature 'Implementation' and/or device 'xc7a35t'
INFO: [Common 17-349] Got license for feature 'Implementation' and/or device 'xc7a35t'
INFO: [Common 17-83] Releasing license: Implementation
INFO: [DRC 23-27] Running DRC with 2 threads
INFO: [Vivado_Tcl 4-198] DRC finished with 0 Errors
INFO: [Vivado_Tcl 4-199] Please refer to the DRC report (report_drc) for more information.
INFO: [Timing 38-35] Done setting XDC timing constraints.
Running DRC as a precondition to command place_design
INFO: [DRC 23-27] Running DRC with 2 threads
INFO: [Vivado_Tcl 4-198] DRC finished with 0 Errors
INFO: [Vivado_Tcl 4-199] Please refer to the DRC report (report_drc) for more information.
INFO: [Place 30-611] Multithreading enabled for place_design using a maximum of 2 CPUs

Starting Placer Task

Phase 1 Placer Initialization

Phase 1.1 Placer Initialization Netlist Sorting
Netlist sorting complete. Time (s): cpu = 00:00:00 ; elapsed = 00:00:00.004 . Memory (MB): peak = 1919.375 ; gain = 0.000
Phase 1.1 Placer Initialization Netlist Sorting | Checksum: 122c6f6f5

Time (s): cpu = 00:00:00 ; elapsed = 00:00:00.008 . Memory (MB): peak = 1919.375 ; gain = 0.000
Netlist sorting complete. Time (s): cpu = 00:00:00 ; elapsed = 00:00:00.004 . Memory (MB): peak = 1919.375 ; gain = 0.000

Phase 1.2 IO Placement/ Clock Placement/ Build Placer Device
Phase 1.2 IO Placement/ Clock Placement/ Build Placer Device | Checksum: 1ee469bc5

Time (s): cpu = 00:00:01 ; elapsed = 00:00:00.637 . Memory (MB): peak = 1919.375 ; gain = 0.000

Phase 1.3 Build Placer Netlist Model
Phase 1.3 Build Placer Netlist Model | Checksum: 2457fee79

Time (s): cpu = 00:00:04 ; elapsed = 00:00:03 . Memory (MB): peak = 1919.375 ; gain = 0.000

Phase 1.4 Constrain Clocks/Macros
Phase 1.4 Constrain Clocks/Macros | Checksum: 2457fee79

Time (s): cpu = 00:00:04 ; elapsed = 00:00:03 . Memory (MB): peak = 1919.375 ; gain = 0.000
Phase 1 Placer Initialization | Checksum: 2457fee79

Time (s): cpu = 00:00:04 ; elapsed = 00:00:03 . Memory (MB): peak = 1919.375 ; gain = 0.000

Phase 2 Global Placement

Phase 2.1 Floorplanning
Phase 2.1 Floorplanning | Checksum: 288295522

Time (s): cpu = 00:00:04 ; elapsed = 00:00:03 . Memory (MB): peak = 1919.375 ; gain = 0.000

Phase 2.2 Update Timing before SLR Path Opt
Phase 2.2 Update Timing before SLR Path Opt | Checksum: 1fc9a90d1

Time (s): cpu = 00:00:05 ; elapsed = 00:00:03 . Memory (MB): peak = 1919.375 ; gain = 0.000

Phase 2.3 Post-Processing in Floorplanning
Phase 2.3 Post-Processing in Floorplanning | Checksum: 1fc9a90d1

Time (s): cpu = 00:00:05 ; elapsed = 00:00:03 . Memory (MB): peak = 1919.375 ; gain = 0.000

Phase 2.4 Global Place Phase1
Phase 2.4 Global Place Phase1 | Checksum: 2b6a1cbb1

Time (s): cpu = 00:00:10 ; elapsed = 00:00:07 . Memory (MB): peak = 1919.375 ; gain = 0.000

Phase 2.5 Global Place Phase2

Phase 2.5.1 UpdateTiming Before Physical Synthesis
Phase 2.5.1 UpdateTiming Before Physical Synthesis | Checksum: 227dfb517

Time (s): cpu = 00:00:11 ; elapsed = 00:00:07 . Memory (MB): peak = 1919.375 ; gain = 0.000

Phase 2.5.2 Physical Synthesis In Placer
INFO: [Physopt 32-1035] Found 0 LUTNM shape to break, 79 LUT instances to create LUTNM shape
INFO: [Physopt 32-1044] Break lutnm for timing: one critical 0, two critical 0, total 0, new lutff created 0
INFO: [Physopt 32-1138] End 1 Pass. Optimized 35 nets or LUTs. Breaked 0 LUT, combined 35 existing LUTs and moved 0 existing LUT
INFO: [Physopt 32-65] No nets found for high-fanout optimization.
INFO: [Physopt 32-232] Optimized 0 net. Created 0 new instance.
INFO: [Physopt 32-775] End 1 Pass. Optimized 0 net or cell. Created 0 new cell, deleted 0 existing cell and moved 0 existing cell
INFO: [Physopt 32-670] No setup violation found.  DSP Register Optimization was not performed.
INFO: [Physopt 32-670] No setup violation found.  Shift Register to Pipeline Optimization was not performed.
INFO: [Physopt 32-670] No setup violation found.  Shift Register Optimization was not performed.
INFO: [Physopt 32-670] No setup violation found.  BRAM Register Optimization was not performed.
INFO: [Physopt 32-670] No setup violation found.  URAM Register Optimization was not performed.
INFO: [Physopt 32-949] No candidate nets found for dynamic/static region interface net replication
INFO: [Physopt 32-775] End 1 Pass. Optimized 0 net or cell. Created 0 new cell, deleted 0 existing cell and moved 0 existing cell
Netlist sorting complete. Time (s): cpu = 00:00:00 ; elapsed = 00:00:00.004 . Memory (MB): peak = 1919.375 ; gain = 0.000

Summary of Physical Synthesis Optimizations
============================================


-----------------------------------------------------------------------------------------------------------------------------------------------------------
|  Optimization                                     |  Added Cells  |  Removed Cells  |  Optimized Cells/Nets  |  Dont Touch  |  Iterations  |  Elapsed   |
-----------------------------------------------------------------------------------------------------------------------------------------------------------
|  LUT Combining                                    |            0  |             35  |                    35  |           0  |           1  |  00:00:00  |
|  Retime                                           |            0  |              0  |                     0  |           0  |           1  |  00:00:00  |
|  Very High Fanout                                 |            0  |              0  |                     0  |           0  |           1  |  00:00:00  |
|  DSP Register                                     |            0  |              0  |                     0  |           0  |           0  |  00:00:00  |
|  Shift Register to Pipeline                       |            0  |              0  |                     0  |           0  |           0  |  00:00:00  |
|  Shift Register                                   |            0  |              0  |                     0  |           0  |           0  |  00:00:00  |
|  BRAM Register                                    |            0  |              0  |                     0  |           0  |           0  |  00:00:00  |
|  URAM Register                                    |            0  |              0  |                     0  |           0  |           0  |  00:00:00  |
|  Dynamic/Static Region Interface Net Replication  |            0  |              0  |                     0  |           0  |           1  |  00:00:00  |
|  Total                                            |            0  |             35  |                    35  |           0  |           4  |  00:00:00  |
-----------------------------------------------------------------------------------------------------------------------------------------------------------


Phase 2.5.2 Physical Synthesis In Placer | Checksum: 2b72048f8

Time (s): cpu = 00:00:12 ; elapsed = 00:00:08 . Memory (MB): peak = 1919.375 ; gain = 0.000
Phase 2.5 Global Place Phase2 | Checksum: 272b41340

Time (s): cpu = 00:00:13 ; elapsed = 00:00:09 . Memory (MB): peak = 1919.375 ; gain = 0.000
Phase 2 Global Placement | Checksum: 272b41340

Time (s): cpu = 00:00:13 ; elapsed = 00:00:09 . Memory (MB): peak = 1919.375 ; gain = 0.000

Phase 3 Detail Placement

Phase 3.1 Commit Multi Column Macros
Phase 3.1 Commit Multi Column Macros | Checksum: 2a5f74f52

Time (s): cpu = 00:00:14 ; elapsed = 00:00:09 . Memory (MB): peak = 1919.375 ; gain = 0.000

Phase 3.2 Commit Most Macros & LUTRAMs
Phase 3.2 Commit Most Macros & LUTRAMs | Checksum: 1c1e4b9c9

Time (s): cpu = 00:00:15 ; elapsed = 00:00:10 . Memory (MB): peak = 1919.375 ; gain = 0.000

Phase 3.3 Area Swap Optimization
Phase 3.3 Area Swap Optimization | Checksum: 1ef78f374

Time (s): cpu = 00:00:15 ; elapsed = 00:00:10 . Memory (MB): peak = 1919.375 ; gain = 0.000

Phase 3.4 Pipeline Register Optimization
Phase 3.4 Pipeline Register Optimization | Checksum: 20046585a

Time (s): cpu = 00:00:15 ; elapsed = 00:00:10 . Memory (MB): peak = 1919.375 ; gain = 0.000

Phase 3.5 Fast Optimization
Phase 3.5 Fast Optimization | Checksum: 1b0a7ba08

Time (s): cpu = 00:00:18 ; elapsed = 00:00:12 . Memory (MB): peak = 1919.375 ; gain = 0.000

Phase 3.6 Small Shape Detail Placement
Phase 3.6 Small Shape Detail Placement | Checksum: 1ecb3e11b

Time (s): cpu = 00:00:21 ; elapsed = 00:00:15 . Memory (MB): peak = 1919.375 ; gain = 0.000

Phase 3.7 Re-assign LUT pins
Phase 3.7 Re-assign LUT pins | Checksum: 2ddc200b3

Time (s): cpu = 00:00:22 ; elapsed = 00:00:16 . Memory (MB): peak = 1919.375 ; gain = 0.000

Phase 3.8 Pipeline Register Optimization
Phase 3.8 Pipeline Register Optimization | Checksum: 2643d52c9

Time (s): cpu = 00:00:22 ; elapsed = 00:00:16 . Memory (MB): peak = 1919.375 ; gain = 0.000
Phase 3 Detail Placement | Checksum: 2643d52c9

Time (s): cpu = 00:00:22 ; elapsed = 00:00:16 . Memory (MB): peak = 1919.375 ; gain = 0.000

Phase 4 Post Placement Optimization and Clean-Up

Phase 4.1 Post Commit Optimization
INFO: [Timing 38-35] Done setting XDC timing constraints.

Phase 4.1.1 Post Placement Optimization
Post Placement Optimization Initialization | Checksum: 2597850b6

Phase 4.1.1.1 BUFG Insertion

Starting Physical Synthesis Task

Phase 1 Physical Synthesis Initialization
INFO: [Physopt 32-721] Multithreading enabled for phys_opt_design using a maximum of 2 CPUs
INFO: [Physopt 32-619] Estimated Timing Summary | WNS=0.511 | TNS=0.000 |
Phase 1 Physical Synthesis Initialization | Checksum: 105f12d68

Time (s): cpu = 00:00:00 ; elapsed = 00:00:00.198 . Memory (MB): peak = 1919.375 ; gain = 0.000
INFO: [Place 46-33] Processed net cpu/regfile/rst_rr_reg, BUFG insertion was skipped due to placement/routing conflicts.
INFO: [Place 46-56] BUFG insertion identified 1 candidate nets. Inserted BUFG: 0, Replicated BUFG Driver: 0, Skipped due to Placement/Routing Conflicts: 1, Skipped due to Timing Degradation: 0, Skipped due to netlist editing failed: 0.
Ending Physical Synthesis Task | Checksum: 215c493c3

Time (s): cpu = 00:00:00 ; elapsed = 00:00:00.407 . Memory (MB): peak = 1919.375 ; gain = 0.000
Phase 4.1.1.1 BUFG Insertion | Checksum: 2597850b6

Time (s): cpu = 00:00:26 ; elapsed = 00:00:19 . Memory (MB): peak = 1919.375 ; gain = 0.000

Phase 4.1.1.2 Post Placement Timing Optimization
INFO: [Place 30-746] Post Placement Timing Summary WNS=0.511. For the most accurate timing information please run report_timing.
Phase 4.1.1.2 Post Placement Timing Optimization | Checksum: 1ee5c22d4

Time (s): cpu = 00:00:26 ; elapsed = 00:00:19 . Memory (MB): peak = 1919.375 ; gain = 0.000

Time (s): cpu = 00:00:26 ; elapsed = 00:00:19 . Memory (MB): peak = 1919.375 ; gain = 0.000
Phase 4.1 Post Commit Optimization | Checksum: 1ee5c22d4

Time (s): cpu = 00:00:26 ; elapsed = 00:00:19 . Memory (MB): peak = 1919.375 ; gain = 0.000

Phase 4.2 Post Placement Cleanup
Phase 4.2 Post Placement Cleanup | Checksum: 1ee5c22d4

Time (s): cpu = 00:00:26 ; elapsed = 00:00:19 . Memory (MB): peak = 1919.375 ; gain = 0.000

Phase 4.3 Placer Reporting

Phase 4.3.1 Print Estimated Congestion
INFO: [Place 30-612] Post-Placement Estimated Congestion 
 ____________________________________________________
|           | Global Congestion | Short Congestion  |
| Direction | Region Size       | Region Size       |
|___________|___________________|___________________|
|      North|                1x1|                1x1|
|___________|___________________|___________________|
|      South|                1x1|                1x1|
|___________|___________________|___________________|
|       East|                1x1|                1x1|
|___________|___________________|___________________|
|       West|                1x1|                1x1|
|___________|___________________|___________________|

Phase 4.3.1 Print Estimated Congestion | Checksum: 1ee5c22d4

Time (s): cpu = 00:00:26 ; elapsed = 00:00:19 . Memory (MB): peak = 1919.375 ; gain = 0.000
Phase 4.3 Placer Reporting | Checksum: 1ee5c22d4

Time (s): cpu = 00:00:26 ; elapsed = 00:00:19 . Memory (MB): peak = 1919.375 ; gain = 0.000

Phase 4.4 Final Placement Cleanup
Netlist sorting complete. Time (s): cpu = 00:00:00 ; elapsed = 00:00:00.008 . Memory (MB): peak = 1919.375 ; gain = 0.000

Time (s): cpu = 00:00:26 ; elapsed = 00:00:19 . Memory (MB): peak = 1919.375 ; gain = 0.000
Phase 4 Post Placement Optimization and Clean-Up | Checksum: 2c0bc2b7f

Time (s): cpu = 00:00:26 ; elapsed = 00:00:19 . Memory (MB): peak = 1919.375 ; gain = 0.000
Ending Placer Task | Checksum: 29c128662

Time (s): cpu = 00:00:26 ; elapsed = 00:00:19 . Memory (MB): peak = 1919.375 ; gain = 0.000
65 Infos, 0 Warnings, 0 Critical Warnings and 0 Errors encountered.
place_design completed successfully
place_design: Time (s): cpu = 00:00:28 ; elapsed = 00:00:20 . Memory (MB): peak = 1919.375 ; gain = 0.000
INFO: [Vivado 12-24838] Running report commands "report_control_sets, report_io, report_utilization" in parallel.
Running report generation with 2 threads.
INFO: [Vivado 12-24828] Executing command : report_io -file basys3_riscv_top_io_placed.rpt
report_io: Time (s): cpu = 00:00:00 ; elapsed = 00:00:00.089 . Memory (MB): peak = 1919.375 ; gain = 0.000
INFO: [Vivado 12-24828] Executing command : report_utilization -file basys3_riscv_top_utilization_placed.rpt -pb basys3_riscv_top_utilization_placed.pb
INFO: [Vivado 12-24828] Executing command : report_control_sets -verbose -file basys3_riscv_top_control_sets_placed.rpt
report_control_sets: Time (s): cpu = 00:00:00 ; elapsed = 00:00:00.033 . Memory (MB): peak = 1919.375 ; gain = 0.000
INFO: [Timing 38-480] Writing timing data to binary archive.
Wrote PlaceDB: Time (s): cpu = 00:00:00 ; elapsed = 00:00:00 . Memory (MB): peak = 1919.375 ; gain = 0.000
Wrote PulsedLatchDB: Time (s): cpu = 00:00:00 ; elapsed = 00:00:00 . Memory (MB): peak = 1919.375 ; gain = 0.000
Writing XDEF routing.
Write ShapeDB Complete: Time (s): cpu = 00:00:00 ; elapsed = 00:00:00.017 . Memory (MB): peak = 1919.375 ; gain = 0.000
Writing XDEF routing logical nets.
Writing XDEF routing special nets.
Wrote RouteStorage: Time (s): cpu = 00:00:00 ; elapsed = 00:00:00.025 . Memory (MB): peak = 1919.375 ; gain = 0.000
Wrote PlaceStorage: Time (s): cpu = 00:00:01 ; elapsed = 00:00:00.343 . Memory (MB): peak = 1919.375 ; gain = 0.000
Wrote Netlist Cache: Time (s): cpu = 00:00:00 ; elapsed = 00:00:00.012 . Memory (MB): peak = 1919.375 ; gain = 0.000
Wrote Device Cache: Time (s): cpu = 00:00:00 ; elapsed = 00:00:00.008 . Memory (MB): peak = 1919.375 ; gain = 0.000
Write Physdb Complete: Time (s): cpu = 00:00:01 ; elapsed = 00:00:00.404 . Memory (MB): peak = 1919.375 ; gain = 0.000
INFO: [Common 17-1381] The checkpoint 'C:/Users/minja/OneDrive/Documents/GitHub/5-Stage-Pipeline-RISC-V/vivado/project/basys3_riscv.runs/impl_1/basys3_riscv_top_placed.dcp' has been generated.
Command: phys_opt_design
Attempting to get a license for feature 'Implementation' and/or device 'xc7a35t'
INFO: [Common 17-349] Got license for feature 'Implementation' and/or device 'xc7a35t'

Starting Initial Update Timing Task

Time (s): cpu = 00:00:03 ; elapsed = 00:00:01 . Memory (MB): peak = 1919.375 ; gain = 0.000
INFO: [Vivado_Tcl 4-2279] Estimated Timing Summary | WNS= 0.511 | TNS= 0.000 | 
INFO: [Vivado_Tcl 4-383] Design worst setup slack (WNS) is greater than or equal to 0.000 ns. All physical synthesis setup optimizations will be skipped.
INFO: [Vivado_Tcl 4-232] No setup violation found. The netlist was not modified.
INFO: [Common 17-83] Releasing license: Implementation
76 Infos, 0 Warnings, 0 Critical Warnings and 0 Errors encountered.
phys_opt_design completed successfully
INFO: [Timing 38-480] Writing timing data to binary archive.
Wrote PlaceDB: Time (s): cpu = 00:00:00 ; elapsed = 00:00:00 . Memory (MB): peak = 1919.375 ; gain = 0.000
Wrote PulsedLatchDB: Time (s): cpu = 00:00:00 ; elapsed = 00:00:00 . Memory (MB): peak = 1919.375 ; gain = 0.000
Writing XDEF routing.
Write ShapeDB Complete: Time (s): cpu = 00:00:00 ; elapsed = 00:00:00.025 . Memory (MB): peak = 1919.375 ; gain = 0.000
Writing XDEF routing logical nets.
Writing XDEF routing special nets.
Wrote RouteStorage: Time (s): cpu = 00:00:00 ; elapsed = 00:00:00.030 . Memory (MB): peak = 1919.375 ; gain = 0.000
Wrote PlaceStorage: Time (s): cpu = 00:00:01 ; elapsed = 00:00:00.371 . Memory (MB): peak = 1919.375 ; gain = 0.000
Wrote Netlist Cache: Time (s): cpu = 00:00:00 ; elapsed = 00:00:00.016 . Memory (MB): peak = 1919.375 ; gain = 0.000
Wrote Device Cache: Time (s): cpu = 00:00:00 ; elapsed = 00:00:00.009 . Memory (MB): peak = 1919.375 ; gain = 0.000
Write Physdb Complete: Time (s): cpu = 00:00:01 ; elapsed = 00:00:00.441 . Memory (MB): peak = 1919.375 ; gain = 0.000
INFO: [Common 17-1381] The checkpoint 'C:/Users/minja/OneDrive/Documents/GitHub/5-Stage-Pipeline-RISC-V/vivado/project/basys3_riscv.runs/impl_1/basys3_riscv_top_physopt.dcp' has been generated.
Command: route_design
Attempting to get a license for feature 'Implementation' and/or device 'xc7a35t'
INFO: [Common 17-349] Got license for feature 'Implementation' and/or device 'xc7a35t'


Starting Routing Task
INFO: [Route 35-254] Multithreading enabled for route_design using a maximum of 2 CPUs

Phase 1 Build RT Design
Checksum: PlaceDB: ff17dd03 ConstDB: 0 ShapeSum: fc794d08 RouteDB: a0815c57
Post Restoration Checksum: NetGraph: 4b28690e | NumContArr: 46c61e3 | Constraints: c2a8fa9d | Timing: c2a8fa9d
Phase 1 Build RT Design | Checksum: 1d4e6c02b

Time (s): cpu = 00:00:28 ; elapsed = 00:00:24 . Memory (MB): peak = 1919.375 ; gain = 0.000

Phase 2 Router Initialization

Phase 2.1 Fix Topology Constraints
Phase 2.1 Fix Topology Constraints | Checksum: 1d4e6c02b

Time (s): cpu = 00:00:28 ; elapsed = 00:00:24 . Memory (MB): peak = 1919.375 ; gain = 0.000

Phase 2.2 Pre Route Cleanup
Phase 2.2 Pre Route Cleanup | Checksum: 1d4e6c02b

Time (s): cpu = 00:00:29 ; elapsed = 00:00:25 . Memory (MB): peak = 1919.375 ; gain = 0.000
 Number of Nodes with overlaps = 0

Phase 2.3 Update Timing
Phase 2.3 Update Timing | Checksum: 1db9dc274

Time (s): cpu = 00:00:33 ; elapsed = 00:00:27 . Memory (MB): peak = 1919.375 ; gain = 0.000
INFO: [Route 35-416] Intermediate Timing Summary | WNS=0.610  | TNS=0.000  | WHS=-0.201 | THS=-14.225|


Phase 2.4 Soft Constraint Pins - Fast Budgeting
Phase 2.4 Soft Constraint Pins - Fast Budgeting | Checksum: 186c0a507

Time (s): cpu = 00:00:34 ; elapsed = 00:00:28 . Memory (MB): peak = 1919.375 ; gain = 0.000

Router Utilization Summary
  Global Vertical Routing Utilization    = 0.00534162 %
  Global Horizontal Routing Utilization  = 0.00338365 %
  Routable Net Status*
  *Does not include unroutable nets such as driverless and loadless.
  Run report_route_status for detailed report.
  Number of Failed Nets               = 4539
    (Failed Nets is the sum of unrouted and partially routed nets)
  Number of Unrouted Nets             = 4538
  Number of Partially Routed Nets     = 1
  Number of Node Overlaps             = 0

Phase 2 Router Initialization | Checksum: 186c0a507

Time (s): cpu = 00:00:35 ; elapsed = 00:00:28 . Memory (MB): peak = 1919.375 ; gain = 0.000

Phase 3 Global Routing
Phase 3 Global Routing | Checksum: 186c0a507

Time (s): cpu = 00:00:35 ; elapsed = 00:00:28 . Memory (MB): peak = 1919.375 ; gain = 0.000

Phase 4 Initial Routing

Phase 4.1 Initial Net Routing Pass
Phase 4.1 Initial Net Routing Pass | Checksum: 2c4c6ae93

Time (s): cpu = 00:00:37 ; elapsed = 00:00:29 . Memory (MB): peak = 1919.375 ; gain = 0.000
Phase 4 Initial Routing | Checksum: 2c4c6ae93

Time (s): cpu = 00:00:37 ; elapsed = 00:00:29 . Memory (MB): peak = 1919.375 ; gain = 0.000

Phase 5 Rip-up And Reroute

Phase 5.1 Global Iteration 0
 Number of Nodes with overlaps = 1035
 Number of Nodes with overlaps = 443
 Number of Nodes with overlaps = 312
 Number of Nodes with overlaps = 167
 Number of Nodes with overlaps = 81
 Number of Nodes with overlaps = 36
 Number of Nodes with overlaps = 15
 Number of Nodes with overlaps = 11
 Number of Nodes with overlaps = 3
 Number of Nodes with overlaps = 0
INFO: [Route 35-416] Intermediate Timing Summary | WNS=0.667  | TNS=0.000  | WHS=N/A    | THS=N/A    |

Phase 5.1 Global Iteration 0 | Checksum: 278e01c6a

Time (s): cpu = 00:00:56 ; elapsed = 00:00:45 . Memory (MB): peak = 1919.375 ; gain = 0.000
Phase 5 Rip-up And Reroute | Checksum: 278e01c6a

Time (s): cpu = 00:00:56 ; elapsed = 00:00:45 . Memory (MB): peak = 1919.375 ; gain = 0.000

Phase 6 Delay and Skew Optimization

Phase 6.1 Delay CleanUp

Phase 6.1.1 Update Timing
Phase 6.1.1 Update Timing | Checksum: 268b80f4d

Time (s): cpu = 00:00:56 ; elapsed = 00:00:46 . Memory (MB): peak = 1919.375 ; gain = 0.000
INFO: [Route 35-416] Intermediate Timing Summary | WNS=0.747  | TNS=0.000  | WHS=N/A    | THS=N/A    |

Phase 6.1 Delay CleanUp | Checksum: 268b80f4d

Time (s): cpu = 00:00:56 ; elapsed = 00:00:46 . Memory (MB): peak = 1919.375 ; gain = 0.000

Phase 6.2 Clock Skew Optimization
Phase 6.2 Clock Skew Optimization | Checksum: 268b80f4d

Time (s): cpu = 00:00:56 ; elapsed = 00:00:46 . Memory (MB): peak = 1919.375 ; gain = 0.000
Phase 6 Delay and Skew Optimization | Checksum: 268b80f4d

Time (s): cpu = 00:00:56 ; elapsed = 00:00:46 . Memory (MB): peak = 1919.375 ; gain = 0.000

Phase 7 Post Hold Fix

Phase 7.1 Hold Fix Iter
INFO: [Route 35-416] Intermediate Timing Summary | WNS=0.747  | TNS=0.000  | WHS=0.051  | THS=0.000  |

Phase 7.1 Hold Fix Iter | Checksum: 1fd16f257

Time (s): cpu = 00:00:57 ; elapsed = 00:00:46 . Memory (MB): peak = 1919.375 ; gain = 0.000
Phase 7 Post Hold Fix | Checksum: 1fd16f257

Time (s): cpu = 00:00:57 ; elapsed = 00:00:46 . Memory (MB): peak = 1919.375 ; gain = 0.000

Phase 8 Route finalize

Router Utilization Summary
  Global Vertical Routing Utilization    = 2.29618 %
  Global Horizontal Routing Utilization  = 2.57743 %
  Routable Net Status*
  *Does not include unroutable nets such as driverless and loadless.
  Run report_route_status for detailed report.
  Number of Failed Nets               = 0
    (Failed Nets is the sum of unrouted and partially routed nets)
  Number of Unrouted Nets             = 0
  Number of Partially Routed Nets     = 0
  Number of Node Overlaps             = 0

Phase 8 Route finalize | Checksum: 1fd16f257

Time (s): cpu = 00:00:57 ; elapsed = 00:00:46 . Memory (MB): peak = 1919.375 ; gain = 0.000

Phase 9 Verifying routed nets

 Verification completed successfully
Phase 9 Verifying routed nets | Checksum: 1fd16f257

Time (s): cpu = 00:00:57 ; elapsed = 00:00:46 . Memory (MB): peak = 1919.375 ; gain = 0.000

Phase 10 Depositing Routes
Phase 10 Depositing Routes | Checksum: 278eea899

Time (s): cpu = 00:00:58 ; elapsed = 00:00:47 . Memory (MB): peak = 1919.375 ; gain = 0.000

Phase 11 Post Process Routing
Phase 11 Post Process Routing | Checksum: 278eea899

Time (s): cpu = 00:00:58 ; elapsed = 00:00:47 . Memory (MB): peak = 1919.375 ; gain = 0.000

Phase 12 Post Router Timing
INFO: [Route 35-57] Estimated Timing Summary | WNS=0.747  | TNS=0.000  | WHS=0.051  | THS=0.000  |

INFO: [Route 35-327] The final timing numbers are based on the router estimated timing analysis. For a complete and accurate timing signoff, please run report_timing_summary.
Phase 12 Post Router Timing | Checksum: 278eea899

Time (s): cpu = 00:00:58 ; elapsed = 00:00:47 . Memory (MB): peak = 1919.375 ; gain = 0.000
Total Elapsed time in route_design: 46.908 secs

Phase 13 Post-Route Event Processing
Phase 13 Post-Route Event Processing | Checksum: 1c88527b1

Time (s): cpu = 00:00:58 ; elapsed = 00:00:47 . Memory (MB): peak = 1919.375 ; gain = 0.000
INFO: [Route 35-16] Router Completed Successfully
Ending Routing Task | Checksum: 1c88527b1

Time (s): cpu = 00:00:58 ; elapsed = 00:00:47 . Memory (MB): peak = 1919.375 ; gain = 0.000

Routing Is Done.
INFO: [Common 17-83] Releasing license: Implementation
88 Infos, 0 Warnings, 0 Critical Warnings and 0 Errors encountered.
route_design completed successfully
route_design: Time (s): cpu = 00:00:58 ; elapsed = 00:00:47 . Memory (MB): peak = 1919.375 ; gain = 0.000
INFO: [Vivado 12-24828] Executing command : report_drc -file basys3_riscv_top_drc_routed.rpt -pb basys3_riscv_top_drc_routed.pb -rpx basys3_riscv_top_drc_routed.rpx
Command: report_drc -file basys3_riscv_top_drc_routed.rpt -pb basys3_riscv_top_drc_routed.pb -rpx basys3_riscv_top_drc_routed.rpx
INFO: [IP_Flow 19-1839] IP Catalog is up to date.
INFO: [DRC 23-27] Running DRC with 2 threads
INFO: [Vivado_Tcl 2-168] The results of DRC are in file C:/Users/minja/OneDrive/Documents/GitHub/5-Stage-Pipeline-RISC-V/vivado/project/basys3_riscv.runs/impl_1/basys3_riscv_top_drc_routed.rpt.
report_drc completed successfully
INFO: [Vivado 12-24828] Executing command : report_methodology -file basys3_riscv_top_methodology_drc_routed.rpt -pb basys3_riscv_top_methodology_drc_routed.pb -rpx basys3_riscv_top_methodology_drc_routed.rpx
Command: report_methodology -file basys3_riscv_top_methodology_drc_routed.rpt -pb basys3_riscv_top_methodology_drc_routed.pb -rpx basys3_riscv_top_methodology_drc_routed.rpx
INFO: [Timing 38-35] Done setting XDC timing constraints.
INFO: [DRC 23-133] Running Methodology with 2 threads
INFO: [Vivado_Tcl 2-1520] The results of Report Methodology are in file C:/Users/minja/OneDrive/Documents/GitHub/5-Stage-Pipeline-RISC-V/vivado/project/basys3_riscv.runs/impl_1/basys3_riscv_top_methodology_drc_routed.rpt.
report_methodology completed successfully
INFO: [Vivado 12-24828] Executing command : report_timing_summary -max_paths 10 -routable_nets -report_unconstrained -file basys3_riscv_top_timing_summary_routed.rpt -pb basys3_riscv_top_timing_summary_routed.pb -rpx basys3_riscv_top_timing_summary_routed.rpx -warn_on_violation 
INFO: [Timing 38-35] Done setting XDC timing constraints.
INFO: [Timing 38-91] UpdateTimingParams: Speed grade: -1, Delay Type: min_max.
INFO: [Timing 38-191] Multithreading enabled for timing update using a maximum of 2 CPUs
INFO: [Vivado 12-24838] Running report commands "report_incremental_reuse, report_route_status" in parallel.
Running report generation with 2 threads.
INFO: [Vivado 12-24828] Executing command : report_incremental_reuse -file basys3_riscv_top_incremental_reuse_routed.rpt
INFO: [Vivado_Tcl 4-1062] Incremental flow is disabled. No incremental reuse Info to report.
INFO: [Vivado 12-24828] Executing command : report_route_status -file basys3_riscv_top_route_status.rpt -pb basys3_riscv_top_route_status.pb
INFO: [Vivado 12-24828] Executing command : report_power -file basys3_riscv_top_power_routed.rpt -pb basys3_riscv_top_power_summary_routed.pb -rpx basys3_riscv_top_power_routed.rpx
Command: report_power -file basys3_riscv_top_power_routed.rpt -pb basys3_riscv_top_power_summary_routed.pb -rpx basys3_riscv_top_power_routed.rpx
Running Vector-less Activity Propagation...

Finished Running Vector-less Activity Propagation
WARNING: [Power 33-332] Found switching activity that implies high-fanout reset nets being asserted for excessive periods of time which may result in inaccurate power analysis.
Resolution: To review and fix problems, please run Power Constraints Advisor in the GUI from Tools > Power Constraints Advisor or run report_power with the -advisory option to generate a text report.
105 Infos, 1 Warnings, 0 Critical Warnings and 0 Errors encountered.
report_power completed successfully
INFO: [Vivado 12-24828] Executing command : report_clock_utilization -file basys3_riscv_top_clock_utilization_routed.rpt
INFO: [Vivado 12-24828] Executing command : report_bus_skew -warn_on_violation -file basys3_riscv_top_bus_skew_routed.rpt -pb basys3_riscv_top_bus_skew_routed.pb -rpx basys3_riscv_top_bus_skew_routed.rpx
INFO: [Timing 38-91] UpdateTimingParams: Speed grade: -1, Delay Type: min_max.
INFO: [Timing 38-191] Multithreading enabled for timing update using a maximum of 2 CPUs
generate_parallel_reports: Time (s): cpu = 00:00:15 ; elapsed = 00:00:10 . Memory (MB): peak = 1919.375 ; gain = 0.000
INFO: [Timing 38-480] Writing timing data to binary archive.
Wrote PlaceDB: Time (s): cpu = 00:00:00 ; elapsed = 00:00:00 . Memory (MB): peak = 1919.375 ; gain = 0.000
Wrote PulsedLatchDB: Time (s): cpu = 00:00:00 ; elapsed = 00:00:00 . Memory (MB): peak = 1919.375 ; gain = 0.000
Writing XDEF routing.
Write ShapeDB Complete: Time (s): cpu = 00:00:00 ; elapsed = 00:00:00.019 . Memory (MB): peak = 1919.375 ; gain = 0.000
Writing XDEF routing logical nets.
Writing XDEF routing special nets.
Wrote RouteStorage: Time (s): cpu = 00:00:01 ; elapsed = 00:00:00.095 . Memory (MB): peak = 1919.375 ; gain = 0.000
Wrote PlaceStorage: Time (s): cpu = 00:00:00 ; elapsed = 00:00:00.337 . Memory (MB): peak = 1919.375 ; gain = 0.000
Wrote Netlist Cache: Time (s): cpu = 00:00:00 ; elapsed = 00:00:00.012 . Memory (MB): peak = 1919.375 ; gain = 0.000
Wrote Device Cache: Time (s): cpu = 00:00:00 ; elapsed = 00:00:00.008 . Memory (MB): peak = 1919.375 ; gain = 0.000
Write Physdb Complete: Time (s): cpu = 00:00:01 ; elapsed = 00:00:00.469 . Memory (MB): peak = 1919.375 ; gain = 0.000
INFO: [Common 17-1381] The checkpoint 'C:/Users/minja/OneDrive/Documents/GitHub/5-Stage-Pipeline-RISC-V/vivado/project/basys3_riscv.runs/impl_1/basys3_riscv_top_routed.dcp' has been generated.
Command: write_bitstream -force basys3_riscv_top.bit
Attempting to get a license for feature 'Implementation' and/or device 'xc7a35t'
INFO: [Common 17-349] Got license for feature 'Implementation' and/or device 'xc7a35t'
Running DRC as a precondition to command write_bitstream
INFO: [IP_Flow 19-1839] IP Catalog is up to date.
INFO: [DRC 23-27] Running DRC with 2 threads
INFO: [Vivado 12-3199] DRC finished with 0 Errors
INFO: [Vivado 12-3200] Please refer to the DRC report (report_drc) for more information.
Integrating Hard IP ELF/MEM with the PDI.
INFO: [Designutils 20-2272] Running write_bitstream with 2 threads.
Loading data files...
Loading site data...
Loading route data...
Processing options...
Creating bitmap...
Creating bitstream...
Writing bitstream ./basys3_riscv_top.bit...
INFO: [Vivado 12-1842] Bitgen Completed Successfully.
INFO: [Common 17-83] Releasing license: Implementation
119 Infos, 1 Warnings, 0 Critical Warnings and 0 Errors encountered.
write_bitstream completed successfully
write_bitstream: Time (s): cpu = 00:00:18 ; elapsed = 00:00:14 . Memory (MB): peak = 2183.641 ; gain = 264.266
INFO: [Common 17-206] Exiting Vivado at Thu Apr  2 21:50:47 2026...
[Thu Apr  2 21:50:50 2026] impl_1 finished
wait_on_runs: Time (s): cpu = 00:00:00 ; elapsed = 00:02:27 . Memory (MB): peak = 531.672 ; gain = 0.000
# set bit [file join $script_dir project basys3_riscv.runs impl_1 basys3_riscv_top.bit]
# if {[file exists $bit]} {
#   puts "Done. Bitstream: $bit"
# } else {
#   puts "Check impl_1 run — expected: $bit"
# }
Done. Bitstream: C:/Users/minja/OneDrive/Documents/GitHub/5-Stage-Pipeline-RISC-V/vivado/project/basys3_riscv.runs/impl_1/basys3_riscv_top.bit
INFO: [Common 17-206] Exiting Vivado at Thu Apr  2 21:50:50 2026...
